OpALPlus/BanditTaskLargeSparse,OpALStar/BanditTaskLargeSparse,OpALPlus/BanditTaskSmallRich,OpALStar/BanditTaskSmallRich
20.6,22.2,61.9,86.6
21.1,22.9,66.3,91.1
20.2,14.5,73.0,94.6
20.4,13.8,78.2,96.9
18.1,12.8,82.8,97.2
18.1,14.6,83.1,97.8
17.4,12.7,85.9,98.4
17.3,13.1,87.4,98.5
17.2,12.3,87.1,92.6
17.4,12.3,88.1,94.3
17.3,11.9,89.3,94.1
17.2,12.1,86.5,11.6
17.2,6.5,86.8,0.5
16.8,2.2,84.0,0.4
16.9,2.9,85.3,0.1
16.9,2.0,32.4,0.0
18.4,1.9,23.3,0.0
17.6,1.9,21.5,0.0
17.6,1.8,19.9,0.0
20.7,22.4,60.7,83.8
21.3,23.7,64.0,87.7
20.3,13.2,71.4,88.9
20.5,12.9,74.6,94.6
18.0,12.3,79.0,96.8
17.9,12.5,81.0,96.0
17.2,12.3,81.2,96.1
16.7,9.8,85.8,97.1
16.5,9.5,85.7,98.2
17.0,5.6,86.0,96.5
16.5,5.2,86.1,95.7
16.8,2.1,86.4,85.3
16.4,1.8,86.4,87.2
16.3,1.7,86.6,89.8
14.1,1.5,87.5,20.2
16.4,1.4,49.9,93.1
16.5,1.2,49.9,93.2
16.5,1.2,58.5,91.9
14.6,1.1,59.1,1.3
20.8,22.9,60.3,80.7
20.2,15.3,62.7,87.7
20.7,13.0,67.6,91.3
20.5,12.7,73.2,92.1
17.7,10.2,76.1,96.1
16.8,10.2,79.5,95.6
16.4,8.9,79.2,96.3
16.2,2.8,82.9,95.6
16.3,7.0,83.7,96.4
16.1,1.9,86.8,97.6
16.0,1.7,86.2,95.2
16.0,1.7,86.2,95.6
14.6,1.6,86.8,95.8
15.7,1.4,87.5,96.6
15.4,1.3,88.0,96.9
15.9,1.0,79.4,96.9
15.5,1.0,80.2,96.3
14.5,0.9,83.3,96.8
14.5,0.9,84.7,95.7
20.2,15.6,73.4,97.1
18.1,12.7,82.9,97.3
17.5,12.6,86.5,98.5
17.2,12.3,87.4,94.3
17.3,11.9,89.3,94.1
17.2,16.5,87.8,0.4
17.0,2.1,85.8,0.0
18.4,2.0,23.3,0.0
17.6,1.8,19.9,0.0
17.8,1.6,22.9,0.0
14.7,1.6,12.9,0.0
15.0,1.4,0.7,0.0
15.6,1.6,36.7,0.0
15.6,1.5,31.4,0.0
16.2,1.4,34.7,0.0
17.1,1.3,29.8,0.0
14.6,1.4,23.6,0.0
12.5,1.3,0.1,0.0
12.7,1.3,0.0,0.0
20.3,13.6,71.7,94.8
18.0,12.5,79.3,95.8
17.1,11.9,82.0,96.9
16.5,5.6,85.9,98.3
16.5,4.9,86.0,96.1
16.4,1.8,86.4,90.3
14.1,1.4,87.5,93.3
16.5,1.2,58.5,93.4
14.6,0.9,59.1,1.3
14.3,0.9,44.0,0.8
12.2,0.9,44.4,0.7
14.5,0.9,23.8,0.0
12.7,0.9,6.2,0.0
12.0,0.9,86.3,0.0
7.0,0.7,84.8,0.0
6.4,0.6,84.9,0.0
11.6,0.6,86.4,0.0
17.2,0.6,87.0,0.0
5.6,0.6,87.1,0.0
20.7,13.2,67.6,90.9
17.7,10.2,76.1,96.1
16.4,8.8,79.2,95.2
16.3,4.3,83.7,97.3
16.0,1.7,86.2,95.6
14.6,1.6,86.8,96.6
15.4,1.1,88.0,96.9
16.1,1.0,80.2,96.8
14.5,0.9,84.7,96.5
12.1,0.9,85.8,96.6
10.4,0.8,85.3,96.2
10.2,0.7,84.6,96.8
10.7,0.6,85.2,97.0
6.4,0.5,94.1,97.0
9.8,0.5,89.2,97.0
6.6,0.4,94.7,97.0
5.6,0.4,94.4,97.0
5.4,0.4,93.8,97.0
5.5,0.3,94.2,97.0
18.1,12.7,83.0,98.0
17.3,12.7,87.9,96.1
17.3,11.9,89.9,94.2
16.9,2.0,84.9,0.3
18.4,2.0,23.6,0.0
17.8,1.6,22.5,0.0
14.7,1.4,12.9,0.0
15.0,1.5,0.5,0.0
15.9,1.5,37.0,0.0
14.4,1.4,34.0,0.0
14.6,1.3,30.6,0.0
12.7,1.3,0.1,0.0
12.8,1.2,0.0,0.0
16.5,1.1,0.0,0.0
9.8,2.5,0.0,0.0
15.6,1.9,0.0,0.0
2.3,1.2,0.0,0.0
2.1,1.4,0.0,0.0
3.5,1.3,0.0,0.0
18.0,12.6,79.2,95.8
16.7,9.6,84.0,98.2
16.6,2.6,86.2,96.6
16.5,1.6,86.7,34.6
16.5,1.1,58.5,93.0
14.5,1.0,59.1,0.9
12.2,0.9,45.0,0.7
14.4,0.9,6.8,0.0
11.7,0.7,86.3,0.0
6.4,0.6,86.2,0.0
11.6,0.6,86.6,0.0
8.4,0.6,87.0,0.0
5.6,0.7,23.0,0.0
5.6,0.7,10.3,0.0
3.7,0.5,3.8,0.0
1.6,0.5,1.9,0.0
1.7,0.5,0.4,0.0
1.7,0.5,0.1,0.0
1.7,0.4,0.1,0.0
17.7,10.3,76.4,96.6
16.2,2.7,83.0,95.7
16.0,1.7,86.2,95.9
15.7,1.5,87.5,96.9
16.1,0.9,80.2,95.6
12.1,0.9,85.5,95.7
10.7,0.7,85.3,96.7
10.3,0.6,85.0,96.9
6.4,0.4,94.1,97.0
6.4,0.4,94.2,97.0
5.6,0.4,94.4,97.0
5.6,0.4,93.9,97.0
2.4,0.3,95.1,97.0
1.8,0.3,95.9,97.0
1.7,0.2,96.2,97.0
1.5,0.3,96.5,96.1
1.5,0.2,94.5,96.1
1.3,0.2,94.9,96.1
1.3,0.2,93.8,96.1
17.5,12.6,86.8,98.8
17.4,5.6,90.4,95.0
17.3,1.9,86.3,0.0
17.6,1.5,20.7,0.0
14.7,1.3,7.9,0.0
15.6,1.4,53.7,0.0
16.2,1.3,53.2,0.0
14.6,1.3,32.5,0.0
12.8,1.2,0.0,0.0
16.0,1.0,0.0,0.0
9.8,1.9,0.0,0.0
2.9,1.6,0.0,0.0
2.1,1.3,0.0,0.0
3.0,0.9,0.0,0.0
2.3,0.9,0.0,0.0
2.1,0.8,0.0,0.0
2.1,0.9,0.0,0.0
1.8,0.8,0.0,0.0
1.8,0.8,0.0,0.0
17.3,10.2,82.8,98.2
16.6,2.0,86.3,97.0
15.0,1.2,88.0,86.6
14.6,0.9,60.6,1.3
12.2,0.9,45.7,0.7
14.5,0.8,6.3,0.0
11.7,0.6,86.2,0.0
11.6,0.6,86.9,0.0
5.6,0.5,86.3,0.0
5.6,0.5,21.8,0.0
4.5,0.5,5.8,0.0
1.7,0.4,1.9,0.0
1.6,0.5,0.2,0.0
1.7,0.4,0.1,0.0
1.6,0.4,0.1,0.0
1.5,0.3,0.0,0.0
1.3,0.4,0.0,0.0
1.2,0.3,0.0,0.0
1.2,0.3,0.0,0.0
16.4,8.8,79.4,95.6
16.1,1.6,86.2,96.0
15.7,1.0,88.0,96.5
14.5,0.9,84.7,96.1
10.7,0.7,85.3,96.8
10.2,0.5,85.2,97.0
9.8,0.4,93.8,97.0
5.6,0.4,94.4,97.0
5.6,0.3,94.3,97.0
2.5,0.3,94.3,97.0
1.7,0.3,96.2,96.3
1.5,0.2,96.5,96.3
1.5,0.2,94.8,96.2
1.3,0.2,93.8,96.2
1.2,0.2,95.3,96.2
1.2,0.2,96.3,96.2
1.0,0.2,96.5,0.0
1.1,0.2,96.5,0.0
1.1,0.2,96.6,0.0
17.4,10.2,88.5,96.7
17.2,2.0,86.1,0.0
17.6,1.6,24.2,0.0
15.6,1.5,0.7,0.0
15.9,1.3,50.0,0.0
12.1,1.3,29.9,0.0
12.8,1.1,0.0,0.0
16.1,1.2,0.0,0.0
9.8,2.1,0.0,0.0
2.2,1.2,0.0,0.0
3.0,0.9,0.0,0.0
2.1,1.1,0.0,0.0
2.1,0.9,0.0,0.0
1.6,0.8,0.0,0.0
1.8,0.8,0.0,0.0
1.7,0.9,0.0,0.0
1.7,1.0,0.0,0.0
1.5,1.1,0.0,0.0
1.7,0.7,0.0,0.0
16.6,2.9,87.1,96.3
16.5,1.2,87.1,88.7
14.6,0.9,61.4,1.5
14.5,0.8,46.2,0.7
11.7,0.6,86.0,0.0
11.9,0.7,86.8,0.0
5.6,0.5,86.7,0.0
5.6,0.5,22.3,0.0
5.5,0.4,3.8,0.0
1.7,0.4,0.5,0.0
1.6,0.4,0.1,0.0
1.6,0.3,0.1,0.0
1.3,0.3,0.0,0.0
1.3,0.3,0.0,0.0
1.2,0.3,0.0,0.0
1.1,0.3,0.0,0.0
1.0,0.3,0.0,0.0
1.0,0.3,0.0,0.0
1.1,0.3,0.0,0.0
16.5,2.6,83.8,98.0
16.4,1.1,87.5,96.5
14.6,0.9,84.7,96.2
10.4,0.7,83.7,96.9
7.3,0.4,94.1,97.0
6.6,0.4,94.0,96.3
5.6,0.3,94.3,96.3
1.8,0.3,95.9,96.3
1.6,0.2,96.3,96.3
1.5,0.2,94.8,96.3
1.3,0.2,95.6,96.2
1.2,0.2,96.1,96.2
1.0,0.2,96.3,96.2
0.9,0.2,96.5,96.3
0.8,0.2,96.6,96.4
0.8,0.2,96.8,0.0
0.8,0.2,96.8,0.0
0.8,0.2,96.9,0.0
0.7,0.2,93.5,0.0
17.4,2.7,91.3,96.9
18.4,1.6,24.6,0.0
14.8,1.5,8.4,0.0
15.6,1.3,60.3,0.0
14.6,1.2,35.9,0.0
12.7,1.0,0.0,0.0
9.8,2.2,0.0,0.0
2.2,1.3,0.0,0.0
3.0,0.8,0.0,0.0
2.1,0.8,0.0,0.0
1.7,0.8,0.0,0.0
1.7,0.8,0.0,0.0
1.7,1.0,0.0,0.0
1.6,0.8,0.0,0.0
1.5,0.9,0.0,0.0
1.5,96.2,0.0,0.0
1.4,0.7,0.0,0.0
1.6,96.3,0.0,0.0
1.6,96.3,0.0,0.0
17.0,1.9,87.1,97.1
16.6,1.0,60.2,93.5
12.3,0.9,61.5,0.8
12.1,0.6,86.3,0.0
11.6,0.5,85.5,0.0
5.6,0.5,87.3,0.0
2.5,0.4,9.5,0.0
1.6,0.3,2.7,0.0
1.6,0.4,0.1,0.0
1.5,0.3,0.1,0.0
1.4,0.3,0.0,0.0
1.2,0.3,0.0,0.0
1.1,0.3,0.0,0.0
1.0,0.3,0.0,0.0
1.0,0.3,0.0,0.0
1.1,0.2,0.0,0.0
1.0,0.3,0.0,0.0
92.7,0.8,0.0,0.0
93.4,0.8,0.0,0.0
16.3,1.6,86.2,95.9
16.1,0.9,80.2,97.0
11.8,0.6,85.9,96.9
7.3,0.4,94.2,96.6
5.8,0.3,94.4,97.1
2.4,0.3,95.1,96.3
1.7,0.2,96.2,96.3
1.5,0.2,96.7,96.4
1.3,0.2,95.7,96.4
1.3,0.2,96.2,96.9
1.0,0.2,96.5,97.0
1.1,0.2,95.7,96.4
0.8,0.2,96.8,96.4
0.8,0.2,96.8,96.4
0.8,0.2,96.9,0.0
0.7,0.2,94.4,0.0
0.6,0.2,94.6,0.0
0.8,0.2,94.7,0.0
0.8,0.2,86.2,0.0
17.6,1.9,86.7,0.2
17.8,1.1,24.0,0.0
15.6,1.3,88.7,0.0
14.5,1.1,84.3,0.0
12.8,1.1,0.0,0.0
6.9,1.3,0.0,0.0
2.1,1.0,0.0,0.0
2.2,0.8,0.0,0.0
1.8,0.8,0.0,0.0
1.6,0.8,0.0,0.0
1.5,0.7,0.0,0.0
1.6,0.7,0.0,0.0
1.5,96.2,0.0,0.0
1.4,0.5,0.0,0.0
1.6,1.4,0.0,0.0
1.5,96.3,0.0,0.0
1.6,96.3,0.0,0.0
1.5,96.3,0.0,0.0
1.5,0.9,0.0,0.0
17.0,1.3,86.7,88.8
14.5,0.9,59.6,1.5
14.8,0.6,9.6,0.0
11.9,0.5,87.7,0.0
5.6,0.6,87.7,0.0
2.4,0.3,10.7,0.0
1.6,0.4,3.1,0.0
1.6,0.3,0.1,0.0
1.4,0.3,0.1,0.0
1.2,0.3,0.0,0.0
1.0,0.3,0.0,0.0
1.0,0.3,0.0,0.0
1.1,0.2,0.0,0.0
1.1,0.2,0.0,0.0
88.8,96.6,0.0,0.0
93.3,0.8,0.0,0.0
94.6,96.7,0.0,0.0
96.1,96.7,0.0,0.0
96.2,96.7,0.0,0.0
16.0,1.4,86.6,96.5
12.2,0.7,83.7,96.9
10.2,0.4,85.8,97.1
6.6,0.3,94.1,97.1
3.0,0.3,95.1,97.1
1.6,0.2,96.2,97.1
1.5,0.2,95.5,96.4
1.3,0.2,96.1,96.4
1.2,0.2,96.6,96.5
0.8,0.2,95.6,97.0
0.8,0.2,96.8,97.0
0.8,0.2,96.8,97.0
0.8,0.2,96.9,97.0
0.7,0.2,94.6,97.0
0.8,0.2,94.7,0.0
0.8,0.2,94.7,0.0
0.9,0.2,90.9,0.0
0.8,0.2,0.0,0.0
0.7,0.2,0.0,0.0
17.9,1.7,88.6,0.0
14.8,1.2,0.7,0.0
16.4,1.1,91.4,0.0
12.5,1.1,0.0,0.0
9.7,1.0,0.0,0.0
2.2,0.9,0.0,0.0
1.9,0.8,0.0,0.0
1.8,0.8,0.0,0.0
1.7,0.8,0.0,0.0
1.6,0.7,0.0,0.0
1.4,96.2,0.0,0.0
1.5,0.7,0.0,0.0
1.6,1.0,0.0,0.0
1.6,0.9,0.0,0.0
1.5,0.6,0.0,0.0
1.4,0.8,0.0,0.0
87.3,0.6,0.0,0.0
87.4,0.6,0.0,0.0
1.5,0.6,0.0,0.0
16.6,1.0,88.6,94.1
12.6,0.7,68.3,0.9
11.6,0.5,88.2,0.0
6.4,0.6,87.7,0.0
2.5,0.3,38.1,0.0
1.6,0.3,6.5,0.0
1.5,0.3,0.1,0.0
1.3,0.3,0.1,0.0
1.2,0.3,0.0,0.0
1.0,0.2,0.0,0.0
1.1,0.2,0.0,0.0
1.1,0.2,0.0,0.0
88.9,0.7,0.0,0.0
92.8,0.7,0.0,0.0
94.6,0.8,0.0,0.0
96.1,0.7,0.0,0.0
96.2,0.7,0.0,0.0
96.3,0.7,0.0,0.0
0.9,0.7,0.0,0.0
16.0,1.0,88.3,97.0
11.9,0.6,85.9,97.0
7.2,0.3,93.8,96.4
8.7,0.3,94.4,97.1
1.7,0.2,96.2,97.1
1.5,0.2,93.9,97.1
1.3,0.2,96.3,97.1
1.2,0.2,95.4,97.2
1.1,0.2,95.7,96.6
0.8,0.2,96.8,96.6
0.8,0.2,96.9,97.0
0.7,0.2,96.9,97.1
0.8,0.2,95.9,97.1
0.8,0.2,95.9,97.1
0.8,0.2,96.0,97.1
0.8,0.2,0.1,97.1
0.7,0.2,0.0,0.0
0.7,0.2,0.0,0.0
0.7,0.2,0.0,0.0
17.6,1.7,45.6,0.0
15.0,1.2,0.2,0.0
17.3,1.3,92.5,0.0
13.3,1.1,0.0,0.0
2.2,0.8,0.0,0.0
1.9,0.7,0.0,0.0
1.9,0.7,0.0,0.0
1.6,0.6,0.0,0.0
1.6,96.2,0.0,0.0
1.4,0.7,0.0,0.0
1.4,96.2,0.0,0.0
1.4,0.8,0.0,0.0
1.5,0.6,0.0,0.0
1.5,0.6,0.0,0.0
87.3,0.6,0.0,0.0
1.5,0.6,0.0,0.0
1.3,0.6,0.0,0.0
1.3,0.6,0.0,0.0
1.3,0.6,0.0,0.0
16.7,0.9,59.2,94.0
14.9,0.6,15.8,0.9
11.7,0.5,93.1,0.0
5.6,0.3,40.6,0.0
1.5,0.3,12.2,0.0
1.6,0.2,0.6,0.0
1.3,0.3,0.1,0.0
1.2,0.2,0.0,0.0
1.0,0.2,0.0,0.0
1.1,0.2,0.0,0.0
0.9,0.2,0.0,0.0
86.2,0.7,0.0,0.0
93.5,0.7,0.0,0.0
96.0,0.7,0.0,0.0
96.2,0.7,0.0,0.0
96.3,0.7,0.0,0.0
96.3,0.7,0.0,0.0
96.3,0.7,0.0,0.0
0.7,0.4,0.0,0.0
16.3,0.9,83.4,96.5
10.3,0.4,85.5,95.7
8.4,0.3,93.6,97.1
2.5,0.2,95.9,97.1
1.5,0.2,93.7,97.1
1.1,0.2,96.2,97.2
1.2,0.2,95.5,97.2
1.1,0.2,95.8,97.2
0.8,0.2,96.8,97.2
0.8,0.2,96.9,97.2
0.7,0.2,96.9,97.1
0.8,0.2,95.9,97.1
0.8,0.2,96.0,97.1
0.8,0.2,96.0,97.1
0.7,0.2,0.1,97.1
0.7,0.2,0.0,97.1
0.6,0.2,0.0,97.1
0.6,0.1,0.0,97.1
0.5,0.1,0.0,97.1
17.7,1.5,26.8,0.0
15.9,1.1,91.3,0.0
12.4,1.0,0.0,0.0
2.9,0.8,0.0,0.0
2.0,0.7,0.0,0.0
1.6,0.7,0.0,0.0
1.7,96.1,0.0,0.0
1.5,0.6,0.0,0.0
1.3,96.2,0.0,0.0
1.5,96.6,0.0,0.0
1.5,0.9,0.0,0.0
1.5,0.9,0.0,0.0
1.6,1.0,0.0,0.0
1.5,0.9,0.0,0.0
1.3,0.9,0.0,0.0
1.3,0.9,0.0,0.0
1.3,0.9,0.0,0.0
1.9,0.9,0.0,0.0
1.8,0.9,0.0,0.0
16.1,0.8,66.2,92.6
11.7,0.5,88.2,0.9
11.6,0.3,94.4,0.0
1.9,0.3,81.1,0.0
1.6,0.3,14.1,0.0
1.4,0.2,0.1,0.0
1.2,0.2,0.1,0.0
1.0,0.2,0.0,0.0
1.1,0.2,0.0,0.0
88.4,0.7,0.0,0.0
92.7,0.7,0.0,0.0
94.6,96.7,0.0,0.0
96.1,96.7,0.0,0.0
96.2,96.7,0.0,0.0
96.3,96.7,0.0,0.0
96.3,96.7,0.0,0.0
0.7,0.4,0.0,0.0
0.6,0.4,0.0,0.0
0.6,0.3,0.0,0.0
16.3,0.7,80.1,97.0
9.5,0.3,93.5,96.7
9.2,0.2,94.7,97.1
1.7,0.2,91.2,97.1
1.4,0.2,95.9,97.2
1.3,0.2,95.4,97.2
1.1,0.2,95.8,97.2
0.8,0.2,96.0,97.2
0.8,0.2,96.9,97.2
0.8,0.2,96.9,97.3
0.8,0.2,95.9,97.3
0.8,0.2,96.0,97.3
0.8,0.1,96.0,0.2
0.7,0.1,0.1,0.2
0.7,0.1,0.1,0.2
0.6,0.1,0.0,0.2
0.5,0.1,0.0,0.2
0.5,0.1,0.0,0.2
0.5,0.1,0.0,0.2
17.8,1.2,15.0,0.0
16.8,1.1,92.8,0.0
15.6,1.8,0.0,0.0
2.1,0.7,0.0,0.0
1.9,0.7,0.0,0.0
1.5,96.1,0.0,0.0
1.4,96.1,0.0,0.0
1.2,96.2,0.0,0.0
1.4,1.1,0.0,0.0
1.4,0.9,0.0,0.0
1.4,0.9,0.0,0.0
1.5,0.9,0.0,0.0
1.5,0.9,0.0,0.0
1.3,0.9,0.0,0.0
1.3,96.6,0.0,0.0
1.9,0.6,0.0,0.0
1.3,0.6,0.0,0.0
2.0,0.6,0.0,0.0
2.0,0.6,0.0,0.0
14.3,0.8,71.2,96.5
11.7,0.4,92.9,0.0
6.4,0.3,95.5,0.0
1.9,0.3,38.2,0.0
1.5,0.2,0.9,0.0
1.2,0.2,0.1,0.0
1.0,0.2,0.0,0.0
1.1,0.2,0.0,0.0
88.4,0.7,0.0,0.0
88.3,0.4,0.0,0.0
94.5,96.3,0.0,0.0
96.1,97.0,0.0,0.0
96.3,97.0,0.0,0.0
96.3,0.3,0.0,0.0
96.3,0.3,0.0,0.0
96.3,97.0,0.0,0.0
96.4,97.0,0.0,0.0
0.8,97.0,0.0,0.0
0.6,97.0,0.0,0.0
13.0,0.6,84.6,96.7
10.4,0.3,94.4,97.0
3.0,0.2,94.8,97.1
1.5,0.2,95.4,97.2
1.4,0.2,96.4,97.2
1.2,0.2,95.7,97.2
0.8,0.2,96.0,97.3
0.8,0.2,96.9,97.3
0.8,0.2,96.9,97.3
0.8,0.2,97.0,97.3
0.8,0.1,96.0,97.3
0.7,0.1,96.1,97.3
0.7,0.1,0.1,97.3
0.6,0.1,0.1,97.3
0.6,0.1,0.1,97.3
0.5,0.1,0.0,97.3
0.5,0.1,0.0,0.4
0.5,0.1,0.0,0.4
0.4,0.1,0.0,0.4
14.7,1.0,0.9,0.0
14.5,0.9,93.7,0.0
3.5,0.7,0.0,0.0
1.9,96.0,0.0,0.0
1.7,96.1,0.0,0.0
1.4,1.2,0.0,0.0
1.3,96.2,0.0,0.0
1.5,96.2,0.0,0.0
1.4,0.9,0.0,0.0
1.5,0.9,0.0,0.0
1.4,0.8,0.0,0.0
1.5,0.9,0.0,0.0
1.3,0.9,0.0,0.0
1.2,0.9,0.0,0.0
1.1,0.9,0.0,0.0
1.7,0.9,0.0,0.0
2.0,0.9,0.0,0.0
1.9,0.9,0.0,0.0
0.9,0.8,0.0,0.0
12.7,0.7,73.7,96.5
14.4,0.3,94.0,0.0
2.5,0.3,82.7,0.0
1.6,0.2,40.5,0.0
1.4,0.2,0.9,0.0
1.2,0.2,0.1,0.0
1.1,0.2,0.0,0.0
0.9,0.2,0.0,0.0
88.6,0.3,0.0,0.0
95.9,0.3,0.0,0.0
96.1,96.3,0.0,0.0
96.3,96.3,0.0,0.0
96.3,97.0,0.0,0.0
96.3,97.0,0.0,0.0
96.3,97.0,0.0,0.0
96.5,97.0,0.0,0.0
96.5,97.0,0.0,0.0
96.4,97.0,0.0,0.0
96.5,97.0,0.0,0.0
11.9,0.5,82.5,96.2
9.6,0.2,93.6,97.1
2.0,0.2,94.1,97.1
1.4,0.2,95.7,97.2
1.4,0.2,95.3,97.3
1.1,0.2,96.0,97.3
0.8,0.2,96.5,97.3
0.7,0.2,96.9,97.3
0.8,0.1,97.0,97.3
0.8,0.1,96.7,97.3
0.7,0.1,96.1,97.3
0.6,0.1,95.1,97.3
0.7,0.1,0.1,97.3
0.5,0.1,0.1,97.3
0.5,0.1,0.1,97.3
0.5,0.1,0.0,97.3
0.4,0.1,0.0,91.9
0.5,0.1,0.0,91.9
0.4,0.1,0.0,91.9
15.7,1.1,0.3,0.0
12.6,0.9,0.7,0.0
3.0,0.8,0.0,0.0
1.8,0.7,0.0,0.0
1.5,96.1,0.0,0.0
1.2,1.0,0.0,0.0
1.4,96.2,0.0,0.0
1.4,1.0,0.0,0.0
1.5,0.8,0.0,0.0
1.3,0.9,0.0,0.0
1.4,0.9,0.0,0.0
1.2,0.9,0.0,0.0
1.1,0.9,0.0,0.0
1.1,0.9,0.0,0.0
1.8,0.9,0.0,0.0
1.8,0.9,0.0,0.0
1.2,0.9,0.0,0.0
1.3,0.9,0.0,0.0
1.4,0.9,0.0,0.0
15.0,0.5,42.1,97.0
11.7,0.3,95.2,0.0
2.0,0.3,61.1,0.0
1.5,0.2,42.0,0.0
1.2,0.2,0.3,0.0
1.2,0.2,0.1,0.0
0.9,0.2,0.0,0.0
94.0,0.3,0.0,0.0
95.1,0.3,0.0,0.0
96.1,96.3,0.0,0.0
96.2,96.3,0.0,0.0
96.3,96.3,0.0,0.0
96.3,0.3,0.0,0.0
96.3,97.0,0.0,0.0
96.4,97.0,0.0,0.0
96.5,97.0,0.0,0.0
96.4,97.0,0.0,0.0
0.9,97.0,0.0,0.0
0.9,97.0,0.0,0.0
14.7,0.4,85.0,96.8
9.8,0.2,88.0,97.2
1.6,0.2,95.2,97.2
1.3,0.2,94.8,97.3
1.3,0.2,95.7,97.3
0.9,0.2,96.1,97.3
0.7,0.2,96.9,97.3
0.8,0.1,97.0,97.3
0.8,0.1,96.2,92.1
0.8,0.1,95.1,92.1
0.7,0.1,95.2,92.1
0.6,0.1,95.8,92.1
0.5,0.1,0.2,92.1
0.5,0.1,0.1,92.1
0.5,0.1,0.1,0.9
0.5,0.1,0.0,0.7
0.4,0.1,0.0,0.7
0.4,0.1,0.0,0.4
0.3,0.1,0.0,0.4
15.6,1.0,93.2,0.0
14.4,1.5,0.6,0.0
2.1,1.2,0.0,0.0
1.7,1.3,0.0,0.0
1.4,1.0,0.0,0.0
1.4,96.2,0.0,0.0
1.4,0.9,0.0,0.0
1.6,0.9,0.0,0.0
1.3,0.8,0.0,0.0
1.3,0.9,0.0,0.0
1.2,0.9,0.0,0.0
1.1,0.8,0.0,0.0
1.1,0.8,0.0,0.0
1.3,0.8,0.0,0.0
1.1,0.8,0.0,0.0
1.2,0.8,0.0,0.0
0.8,0.8,0.0,0.0
0.8,0.8,0.0,0.0
0.8,0.8,0.0,0.0
12.6,0.5,90.9,92.1
6.5,0.2,93.6,0.0
1.8,0.2,93.7,0.0
1.3,0.2,60.1,0.0
1.2,0.2,0.3,0.0
1.1,0.2,0.1,0.0
89.7,0.3,0.0,0.0
94.3,96.3,0.0,0.0
96.0,96.3,0.0,0.0
96.2,0.3,0.0,0.0
96.3,96.3,0.0,0.0
96.3,97.0,0.0,0.0
96.3,97.0,0.0,0.0
96.4,97.0,0.0,0.0
96.5,97.0,0.0,0.0
1.0,0.3,0.0,0.0
0.9,0.3,0.0,0.0
0.8,0.3,0.0,0.0
0.8,0.3,0.0,0.0
11.0,0.3,85.7,97.0
3.1,0.2,91.3,97.2
1.6,0.2,95.0,97.3
1.3,0.2,95.0,97.3
1.2,0.2,96.0,97.3
0.8,0.2,96.6,93.5
1.3,0.1,95.9,93.5
1.1,0.1,96.1,93.5
0.8,0.1,96.2,92.1
0.7,0.1,95.2,92.1
0.7,0.1,96.0,92.1
0.6,0.1,93.2,92.1
0.5,0.1,0.2,92.1
0.5,0.1,0.1,92.1
0.4,0.1,0.1,92.1
0.5,0.1,0.1,92.1
0.4,0.1,0.0,92.1
0.3,0.1,0.0,92.1
0.3,0.1,0.0,92.1
16.0,0.8,93.9,0.0
12.8,0.8,0.2,0.0
1.9,0.6,0.0,0.0
1.6,0.6,0.0,0.0
1.1,1.0,0.0,0.0
1.3,0.5,0.0,0.0
1.2,0.9,0.0,0.0
1.3,96.6,0.0,0.0
1.3,96.6,0.0,0.0
1.2,0.8,0.0,0.0
1.1,0.8,0.0,0.0
1.0,0.8,0.0,0.0
1.2,0.8,0.0,0.0
1.0,0.8,0.0,0.0
1.7,0.8,0.0,0.0
0.7,0.8,0.0,0.0
0.7,0.8,0.0,0.0
96.0,0.8,0.0,0.0
96.1,0.8,0.0,0.0
12.6,0.4,94.4,96.1
2.5,0.2,95.9,0.4
1.6,0.2,94.7,0.0
1.1,0.2,39.6,0.0
1.2,0.2,0.3,0.0
0.9,0.2,0.1,0.0
89.9,0.3,0.0,0.0
95.0,0.3,0.0,0.0
96.1,96.3,0.0,0.0
96.2,0.3,0.0,0.0
96.3,96.3,0.0,0.0
96.3,0.3,0.0,0.0
96.3,0.3,0.0,0.0
96.5,0.3,0.0,0.0
1.0,0.3,0.0,0.0
0.9,0.3,0.0,0.0
0.8,0.3,0.0,0.0
0.8,0.3,0.0,0.0
0.8,0.3,0.0,0.0
10.7,0.3,94.7,97.1
3.0,0.2,93.6,97.2
1.5,0.2,96.0,97.3
1.2,0.2,95.5,96.5
0.9,0.2,96.1,96.6
0.7,0.2,96.9,78.6
1.1,0.1,96.1,92.2
0.8,0.1,96.2,93.7
0.7,0.1,95.2,93.7
0.7,0.1,90.8,93.7
0.7,0.1,95.1,92.1
0.5,0.1,95.1,92.1
0.5,0.1,0.3,92.1
0.4,0.1,0.2,92.1
0.5,0.1,0.1,92.1
0.4,0.1,0.1,92.1
0.3,0.1,0.1,92.1
0.3,0.1,0.0,92.1
0.3,0.1,0.0,92.1
16.4,0.8,93.5,0.0
3.1,0.7,0.0,0.0
1.8,0.7,0.0,0.0
1.4,0.5,0.0,0.0
1.4,0.5,0.0,0.0
87.9,0.9,0.0,0.0
1.5,0.8,0.0,0.0
1.4,0.8,0.0,0.0
1.3,0.8,0.0,0.0
1.1,0.8,0.0,0.0
1.0,0.8,0.0,0.0
1.3,0.8,0.0,0.0
0.9,0.8,0.0,0.0
0.7,0.8,0.0,0.0
0.7,0.8,0.0,0.0
96.0,0.8,0.0,0.0
96.1,0.8,0.0,0.0
96.1,0.8,0.0,0.0
96.1,0.8,0.0,0.0
11.8,0.3,93.2,97.0
3.0,0.2,95.1,96.2
1.5,0.2,95.5,0.0
1.2,0.2,42.3,0.0
1.1,0.2,0.4,0.0
1.3,0.3,0.1,0.0
92.0,0.3,0.1,0.0
95.2,0.3,0.0,0.0
96.1,0.3,0.0,0.0
96.3,0.3,0.0,0.0
96.3,0.3,0.0,0.0
96.3,0.3,0.0,0.0
96.5,0.3,0.0,0.0
1.0,0.3,0.0,0.0
0.9,0.3,0.0,0.0
0.8,0.3,0.0,0.0
0.8,0.3,0.0,0.0
0.8,0.3,0.0,0.0
0.8,96.2,0.0,0.0
10.7,0.2,89.8,97.1
2.0,0.2,91.0,94.7
1.4,0.2,96.1,96.4
1.2,0.2,95.9,81.5
0.9,0.2,96.5,73.2
1.2,0.1,96.9,84.7
0.8,0.1,96.1,94.6
0.8,0.1,95.1,96.7
0.7,0.1,95.4,96.7
0.6,0.1,94.8,96.7
0.6,0.1,95.1,96.7
0.4,0.1,95.3,96.7
0.5,0.1,95.4,96.7
0.4,0.1,0.4,92.3
0.4,0.1,0.2,92.3
0.3,0.1,0.1,92.3
0.3,0.1,0.1,92.3
0.2,0.1,0.1,92.3
0.2,0.1,0.1,92.3
17.0,0.8,94.4,0.0
2.5,0.5,0.0,0.0
1.7,0.5,0.0,0.0
1.3,0.5,0.0,0.0
1.3,0.4,0.0,0.0
88.5,0.5,0.0,0.0
91.2,0.5,0.0,0.0
1.2,0.5,0.0,0.0
1.1,0.5,0.0,0.0
1.8,0.5,0.0,0.0
1.8,0.5,0.0,0.0
0.9,0.5,0.0,0.0
0.9,0.5,0.0,0.0
0.7,0.5,0.0,0.0
96.0,0.5,0.0,0.0
96.1,0.5,0.0,0.0
0.9,0.5,0.0,0.0
0.9,0.5,0.0,0.0
0.8,0.5,0.0,0.0
11.9,0.3,93.9,97.0
2.2,0.2,87.1,96.2
1.4,0.2,95.3,0.2
1.0,0.2,42.2,0.0
0.9,0.2,0.4,0.0
1.3,0.3,0.2,0.0
94.1,0.3,0.1,0.0
96.0,0.3,0.0,0.0
96.2,0.3,0.0,0.0
96.3,0.3,0.0,0.0
96.3,0.3,0.0,0.0
96.3,0.3,0.0,0.0
1.0,0.3,0.0,0.0
0.9,0.3,0.0,0.0
0.8,0.3,0.0,0.0
0.8,0.3,0.0,0.0
0.8,0.3,0.0,0.0
0.8,96.2,0.0,0.0
0.8,0.3,0.0,0.0
9.9,0.2,91.9,97.2
1.8,0.2,93.8,97.4
1.1,0.2,94.1,97.4
1.1,0.2,96.0,81.1
0.8,0.2,95.3,95.9
1.1,0.1,95.8,96.6
0.8,0.1,95.0,96.7
0.7,0.1,95.8,96.7
0.7,0.1,95.4,96.7
0.6,0.1,90.4,96.7
0.5,0.1,96.5,96.7
0.5,0.1,96.8,96.7
0.4,0.1,96.9,96.7
0.4,0.1,0.5,96.7
0.4,0.1,0.5,96.7
0.3,0.1,0.2,96.7
0.2,0.1,0.2,96.7
0.2,0.1,0.1,96.7
0.2,0.1,0.1,96.7
12.2,0.7,94.4,0.0
2.1,0.7,0.0,0.0
1.6,0.4,0.0,0.0
1.4,0.4,0.0,0.0
87.8,0.5,0.0,0.0
90.4,0.5,0.0,0.0
90.1,0.5,0.0,0.0
95.9,1.7,0.0,0.0
1.3,0.5,0.0,0.0
0.9,0.5,0.0,0.0
1.2,0.5,0.0,0.0
0.9,0.5,0.0,0.0
0.6,0.4,0.0,0.0
0.9,0.4,0.0,0.0
0.8,0.4,0.0,0.0
0.8,0.4,0.0,0.0
0.8,92.0,0.0,0.0
0.8,92.0,0.0,0.0
0.8,92.0,0.0,0.0
11.9,0.2,96.0,97.1
1.8,0.2,93.4,96.4
1.1,0.2,96.3,0.5
1.0,0.2,92.7,0.3
1.4,0.3,0.5,0.0
1.2,0.3,0.2,0.0
0.9,0.3,0.1,0.0
96.1,0.3,0.0,0.0
96.3,0.3,0.0,0.0
96.3,0.3,0.0,0.0
96.3,0.3,0.0,0.0
96.5,0.3,0.0,0.0
0.9,0.3,0.0,0.0
0.8,0.3,0.0,0.0
0.8,0.3,0.0,0.0
0.8,96.2,0.0,0.0
0.8,96.2,0.0,0.0
0.8,96.2,0.0,0.0
0.8,96.2,0.0,0.0
10.7,0.2,93.8,96.4
1.7,0.2,95.2,97.4
1.1,0.2,95.4,95.7
0.9,0.2,95.1,88.3
1.3,0.1,95.3,96.7
1.1,0.1,96.0,97.2
0.8,0.1,96.9,96.7
0.7,0.1,97.0,96.7
0.6,0.1,90.8,96.7
0.6,0.1,95.3,96.7
0.5,0.1,95.3,96.7
0.4,0.1,96.9,96.7
0.4,0.1,96.9,97.4
0.4,0.1,96.9,97.4
0.3,0.1,0.7,97.4
0.2,0.1,0.5,97.4
0.2,0.1,0.5,97.4
0.2,0.1,0.2,97.4
0.2,0.1,0.2,97.4
12.1,0.7,96.4,0.0
1.9,0.6,0.0,0.0
1.4,0.4,0.0,0.0
1.4,0.4,0.0,0.0
87.8,0.5,0.0,0.0
91.1,0.5,0.0,0.0
91.7,1.7,0.0,0.0
96.0,0.5,0.0,0.0
96.0,0.5,0.0,0.0
96.2,0.5,0.0,0.0
96.2,0.4,0.0,0.0
1.0,96.3,0.0,0.0
1.3,96.3,0.0,0.0
0.8,0.4,0.0,0.0
0.8,0.5,0.0,0.0
0.9,0.5,0.0,0.0
0.6,0.5,0.0,0.0
0.7,0.5,0.0,0.0
0.6,0.5,0.0,0.0
11.9,0.2,95.8,97.1
1.7,0.2,95.3,97.0
1.0,0.2,96.8,97.0
0.9,0.2,85.2,2.2
1.3,0.3,1.9,0.3
1.1,96.2,0.4,0.3
0.8,0.3,0.1,0.2
0.7,0.3,0.1,0.0
96.3,0.3,0.0,0.0
96.3,0.3,0.0,0.0
96.3,0.3,0.0,0.0
96.5,0.3,0.0,0.0
0.8,96.2,0.0,0.0
0.8,0.2,0.0,0.0
0.8,96.2,0.0,0.0
0.8,96.2,0.0,0.0
0.8,96.2,0.0,0.0
0.8,96.2,0.0,0.0
0.8,96.2,0.0,0.0
13.0,0.2,95.2,93.7
1.7,0.2,95.5,95.3
1.2,0.2,94.9,86.1
1.1,0.2,90.1,93.0
1.2,0.1,95.8,97.2
0.8,0.1,96.2,97.3
0.7,0.1,95.4,88.1
0.7,0.1,97.0,12.5
0.6,0.1,97.1,20.7
0.5,0.1,96.1,21.6
0.4,0.1,95.5,21.8
0.4,0.1,96.9,90.5
0.4,0.1,96.9,89.7
0.3,0.1,97.0,93.5
0.2,0.1,97.0,93.5
0.2,0.1,0.7,92.9
0.2,0.1,0.7,92.9
0.2,0.1,0.6,92.9
0.2,0.1,0.5,92.9
3.2,0.9,96.7,0.0
1.8,0.5,0.0,0.0
1.1,0.4,0.0,0.0
1.2,0.4,0.0,0.0
88.0,1.0,0.0,0.0
91.3,0.5,0.0,0.0
94.6,0.4,0.0,0.0
96.0,96.3,0.0,0.0
96.2,96.3,0.0,0.0
96.2,96.3,0.0,0.0
1.0,0.4,0.0,0.0
96.3,0.5,0.0,0.0
96.4,0.4,0.0,0.0
96.4,0.4,0.0,0.0
96.4,0.4,0.0,0.0
1.1,0.4,0.0,0.0
1.1,0.4,0.0,0.0
0.9,0.4,0.0,0.0
0.9,0.4,0.0,0.0
2.9,0.2,95.9,96.4
1.6,0.2,95.5,97.0
1.2,0.2,96.9,97.0
0.8,0.2,96.0,92.0
1.2,0.3,22.8,91.7
0.9,0.3,0.5,91.7
0.7,0.3,0.2,91.7
0.6,96.2,0.1,91.7
0.6,0.3,0.1,91.7
0.5,96.2,0.0,91.7
0.4,96.2,0.0,91.7
0.4,0.2,0.0,91.7
0.4,0.2,0.0,91.7
0.4,0.2,0.0,91.7
0.4,0.2,0.0,0.0
0.4,0.2,0.0,0.0
0.4,0.2,0.0,0.0
0.3,0.2,0.0,0.0
0.7,0.2,0.0,0.0
10.4,0.2,95.7,97.3
1.6,0.2,89.7,77.8
1.0,0.2,95.4,95.7
1.1,0.2,95.1,96.6
0.9,0.1,95.0,60.9
0.8,0.1,95.9,91.2
0.7,0.1,96.2,90.9
0.6,0.1,97.1,91.8
0.5,0.1,95.9,34.6
0.4,0.1,96.1,96.1
0.4,0.1,96.6,96.8
0.4,0.1,97.0,96.8
0.3,0.1,97.0,96.8
0.2,0.1,97.0,96.8
0.2,0.1,97.0,96.8
0.2,0.1,97.0,96.8
0.2,0.1,0.8,96.8
0.2,0.1,0.7,96.8
96.8,0.1,0.8,96.8
