,OpALPlus/BanditTaskLargeSparse,OpALStar/BanditTaskLargeSparse,OpALPlus/BanditTaskSmallRich,OpALStar/BanditTaskSmallRich
"(0.05, 0.025, 1.0)",21.762100000000018,26.505499999999984,57.002300000000034,70.1756
"(0.05, 0.025, 1.5)",22.725800000000014,30.21259999999998,60.19760000000003,75.53180000000002
"(0.05, 0.025, 2.0)",23.73290000000001,34.00839999999999,63.16049999999993,78.61390000000009
"(0.05, 0.025, 2.5)",24.791899999999966,37.37389999999999,65.87300000000008,79.60889999999999
"(0.05, 0.025, 3.0)",25.889699999999994,40.88470000000008,68.23819999999992,79.6726
"(0.05, 0.025, 3.5)",27.051399999999965,43.84230000000006,70.17230000000002,78.91180000000001
"(0.05, 0.025, 4.0)",28.18819999999999,46.42599999999997,71.86320000000002,78.15680000000009
"(0.05, 0.025, 4.5)",29.406900000000004,48.798399999999994,73.07659999999989,76.82119999999998
"(0.05, 0.025, 5.0)",30.617200000000025,50.66319999999996,74.11420000000007,75.86310000000003
"(0.05, 0.025, 5.5)",31.754399999999986,52.34440000000001,75.11780000000003,75.26760000000004
"(0.05, 0.025, 6.0)",33.074799999999996,54.26310000000007,75.86939999999998,74.30990000000017
"(0.05, 0.025, 6.5)",34.24900000000001,56.092299999999994,76.45639999999993,73.63740000000021
"(0.05, 0.025, 7.0)",35.45109999999997,57.164399999999894,76.53119999999994,72.5023000000002
"(0.05, 0.025, 7.5)",36.49210000000002,58.39220000000006,76.76879999999987,72.04430000000025
"(0.05, 0.025, 8.0)",37.636599999999945,59.463799999999935,76.73280000000017,71.36350000000029
"(0.05, 0.025, 8.5)",38.595400000000026,60.5711,76.65399999999997,71.31240000000024
"(0.05, 0.025, 9.0)",39.565799999999975,61.46919999999998,76.78199999999994,71.31090000000023
"(0.05, 0.025, 9.5)",40.54299999999995,62.66840000000009,76.46859999999998,70.69320000000019
"(0.05, 0.05, 1.0)",21.78250000000003,26.588199999999972,56.85239999999996,68.7741
"(0.05, 0.05, 1.5)",22.758300000000002,30.45670000000001,59.851099999999946,74.27349999999993
"(0.05, 0.05, 2.0)",23.821799999999996,34.395300000000006,62.69830000000001,77.6512
"(0.05, 0.05, 2.5)",24.911299999999976,37.96669999999995,65.33910000000006,80.18160000000005
"(0.05, 0.05, 3.0)",26.075799999999973,41.24030000000002,67.62060000000005,81.40319999999998
"(0.05, 0.05, 3.5)",27.286000000000005,44.014400000000016,69.48639999999999,81.90680000000005
"(0.05, 0.05, 4.0)",28.50839999999998,46.61070000000002,71.07539999999993,81.96430000000005
"(0.05, 0.05, 4.5)",29.8157,48.88300000000001,72.50579999999984,81.75540000000005
"(0.05, 0.05, 5.0)",31.134699999999974,50.7483,73.67149999999988,81.76009999999998
"(0.05, 0.05, 5.5)",32.397499999999965,51.571999999999946,74.74849999999994,81.7097000000002
"(0.05, 0.05, 6.0)",33.66569999999999,53.39570000000007,75.7122,81.45040000000003
"(0.05, 0.05, 6.5)",34.976299999999995,54.57339999999993,76.40899999999998,80.91590000000004
"(0.05, 0.05, 7.0)",36.17409999999999,55.0145,77.12849999999992,79.39090000000016
"(0.05, 0.05, 7.5)",37.33180000000003,56.41230000000011,77.6341000000002,78.50050000000012
"(0.05, 0.05, 8.0)",38.37669999999999,57.59569999999999,77.56739999999994,77.92660000000006
"(0.05, 0.05, 8.5)",39.533099999999955,57.76759999999999,78.00149999999998,77.75650000000012
"(0.05, 0.05, 9.0)",40.661799999999985,57.99930000000004,78.49999999999986,77.18930000000017
"(0.05, 0.05, 9.5)",41.66160000000001,58.62129999999997,78.79159999999997,76.94260000000016
"(0.05, 0.1, 1.0)",21.794600000000006,26.617700000000013,56.79049999999993,68.09530000000002
"(0.05, 0.1, 1.5)",22.806100000000004,30.50210000000003,59.74869999999999,73.32690000000001
"(0.05, 0.1, 2.0)",23.849899999999977,34.44109999999999,62.56970000000001,76.9779000000001
"(0.05, 0.1, 2.5)",24.98379999999998,38.119200000000035,65.05639999999995,79.56719999999999
"(0.05, 0.1, 3.0)",26.16429999999999,41.27910000000003,67.27080000000001,81.66380000000011
"(0.05, 0.1, 3.5)",27.427899999999998,43.688300000000055,69.18239999999992,82.69279999999986
"(0.05, 0.1, 4.0)",28.72320000000001,46.046300000000045,70.68510000000002,83.21179999999994
"(0.05, 0.1, 4.5)",30.023500000000013,47.45379999999999,72.06240000000004,83.74839999999999
"(0.05, 0.1, 5.0)",31.30940000000006,48.90020000000011,73.39139999999996,84.10719999999998
"(0.05, 0.1, 5.5)",32.538699999999984,50.24920000000003,74.45,84.66779999999996
"(0.05, 0.1, 6.0)",33.933199999999985,51.009499999999996,75.36989999999997,84.81390000000006
"(0.05, 0.1, 6.5)",35.28509999999997,52.23339999999995,76.32379999999996,84.46560000000005
"(0.05, 0.1, 7.0)",36.556700000000006,52.70579999999997,77.04769999999994,84.31740000000012
"(0.05, 0.1, 7.5)",37.82869999999993,52.719200000000086,77.52630000000002,84.11910000000012
"(0.05, 0.1, 8.0)",38.94559999999999,53.4049,77.9839999999999,84.1679000000001
"(0.05, 0.1, 8.5)",39.978500000000004,54.057400000000044,78.38020000000017,84.02500000000018
"(0.05, 0.1, 9.0)",40.923099999999984,54.51110000000004,78.73649999999998,83.7253000000001
"(0.05, 0.1, 9.5)",41.83339999999999,54.52200000000001,79.28630000000003,83.60230000000006
"(0.1, 0.025, 1.0)",23.735100000000006,34.25919999999999,63.329499999999996,79.49880000000014
"(0.1, 0.025, 1.5)",25.888299999999987,41.2130000000001,68.43070000000002,79.76860000000006
"(0.1, 0.025, 2.0)",28.189099999999996,46.79739999999998,72.09210000000004,78.18199999999999
"(0.1, 0.025, 2.5)",30.621000000000027,51.22879999999994,74.30090000000001,75.45000000000007
"(0.1, 0.025, 3.0)",33.070599999999985,54.687300000000064,75.9675999999999,74.18510000000013
"(0.1, 0.025, 3.5)",35.423499999999976,57.75519999999998,76.65309999999997,72.3321000000002
"(0.1, 0.025, 4.0)",37.61579999999994,59.96390000000006,76.94030000000012,71.02720000000022
"(0.1, 0.025, 4.5)",39.54759999999995,61.86709999999996,76.86689999999994,71.1677000000002
"(0.1, 0.025, 5.0)",41.62020000000009,63.497000000000064,76.27879999999992,70.23720000000031
"(0.1, 0.025, 5.5)",43.497999999999976,64.25620000000004,74.92320000000012,69.48460000000023
"(0.1, 0.025, 6.0)",45.38840000000002,66.09749999999998,74.06799999999991,68.73430000000025
"(0.1, 0.025, 6.5)",47.25359999999997,66.30650000000001,73.3451,68.97050000000026
"(0.1, 0.025, 7.0)",48.76289999999995,67.41140000000011,72.90050000000015,69.38190000000024
"(0.1, 0.025, 7.5)",50.16540000000001,67.64519999999997,72.33830000000012,68.89080000000021
"(0.1, 0.025, 8.0)",51.3571,68.0566,71.70340000000022,68.32830000000024
"(0.1, 0.025, 8.5)",52.40659999999993,68.8378000000001,70.95360000000014,67.91470000000024
"(0.1, 0.025, 9.0)",53.51640000000002,69.04110000000003,71.04930000000017,67.04160000000026
"(0.1, 0.025, 9.5)",54.61650000000002,68.54030000000003,70.60950000000017,66.95190000000031
"(0.1, 0.05, 1.0)",23.8211,34.432899999999954,62.761300000000034,78.3367
"(0.1, 0.05, 1.5)",26.07539999999997,41.34790000000001,67.69789999999999,81.73429999999999
"(0.1, 0.05, 2.0)",28.505899999999983,46.53789999999992,71.14569999999995,82.23350000000003
"(0.1, 0.05, 2.5)",31.132999999999967,50.54480000000005,73.7533,82.0836000000002
"(0.1, 0.05, 3.0)",33.660999999999994,53.19799999999995,75.78459999999994,81.71870000000006
"(0.1, 0.05, 3.5)",36.166699999999985,54.86160000000004,77.14439999999998,79.64420000000005
"(0.1, 0.05, 4.0)",38.35469999999998,57.49049999999998,77.63269999999997,78.25830000000009
"(0.1, 0.05, 4.5)",40.654999999999994,58.373599999999996,78.5642999999999,77.4165000000002
"(0.1, 0.05, 5.0)",42.56660000000004,59.22329999999999,79.22889999999994,76.8353000000001
"(0.1, 0.05, 5.5)",44.480900000000005,59.44530000000006,79.03710000000005,75.77850000000016
"(0.1, 0.05, 6.0)",46.414400000000036,60.22530000000002,78.43419999999998,74.99480000000014
"(0.1, 0.05, 6.5)",47.92989999999999,60.449199999999934,77.95209999999992,75.23980000000017
"(0.1, 0.05, 7.0)",49.266799999999954,61.04459999999999,77.42789999999997,74.08330000000021
"(0.1, 0.05, 7.5)",50.544499999999964,60.17149999999997,76.83919999999999,73.74400000000017
"(0.1, 0.05, 8.0)",51.74949999999995,60.758500000000105,76.45190000000011,72.81670000000018
"(0.1, 0.05, 8.5)",52.72229999999999,61.075199999999974,75.9447,72.34860000000029
"(0.1, 0.05, 9.0)",53.604200000000006,62.060000000000066,75.36400000000012,71.94600000000032
"(0.1, 0.05, 9.5)",54.306499999999986,60.6069,75.47950000000016,71.20520000000027
"(0.1, 0.1, 1.0)",23.850199999999976,34.318499999999986,62.586800000000004,77.36870000000009
"(0.1, 0.1, 1.5)",26.167299999999983,41.04450000000002,67.27889999999998,81.9569
"(0.1, 0.1, 2.0)",28.717900000000007,45.805600000000005,70.67860000000003,83.46979999999996
"(0.1, 0.1, 2.5)",31.312800000000053,49.01690000000009,73.3695000000001,84.45770000000002
"(0.1, 0.1, 3.0)",33.926199999999994,50.87900000000005,75.3494,85.15529999999988
"(0.1, 0.1, 3.5)",36.54820000000003,52.10779999999989,77.05529999999989,84.49190000000002
"(0.1, 0.1, 4.0)",38.919399999999996,53.34760000000003,77.97599999999997,84.46610000000005
"(0.1, 0.1, 4.5)",40.91879999999999,54.29680000000004,78.76699999999994,84.07130000000005
"(0.1, 0.1, 5.0)",42.61099999999997,53.9469,79.94319999999995,83.80870000000002
"(0.1, 0.1, 5.5)",44.40499999999994,53.935899999999975,80.15490000000007,82.8768000000001
"(0.1, 0.1, 6.0)",46.112700000000025,54.501200000000054,80.66170000000008,82.31810000000024
"(0.1, 0.1, 6.5)",47.47619999999997,54.61629999999994,80.85720000000009,81.14500000000025
"(0.1, 0.1, 7.0)",48.761999999999986,54.24559999999997,80.64289999999993,80.40650000000022
"(0.1, 0.1, 7.5)",49.78189999999995,55.03750000000002,80.11279999999985,79.89160000000022
"(0.1, 0.1, 8.0)",50.78940000000006,54.54689999999995,79.66490000000003,78.69250000000018
"(0.1, 0.1, 8.5)",51.22879999999998,54.39950000000006,79.9381,78.16050000000013
"(0.1, 0.1, 9.0)",51.94399999999996,54.65849999999996,79.74479999999994,77.68860000000011
"(0.1, 0.1, 9.5)",52.49219999999997,54.0087,79.82840000000013,77.29580000000021
"(0.15, 0.025, 1.0)",25.891699999999993,41.6054,68.73039999999993,79.94910000000002
"(0.15, 0.025, 1.5)",29.40250000000002,49.46170000000003,73.54669999999997,76.59440000000016
"(0.15, 0.025, 2.0)",33.053,55.162,76.20920000000004,74.41520000000023
"(0.15, 0.025, 2.5)",36.52030000000005,59.39989999999989,77.29749999999987,71.79240000000021
"(0.15, 0.025, 3.0)",39.52779999999997,62.26240000000002,76.9152999999999,71.16700000000023
"(0.15, 0.025, 3.5)",42.72590000000003,64.11120000000003,75.99680000000012,69.8483000000003
"(0.15, 0.025, 4.0)",45.353600000000014,66.02890000000005,74.13249999999992,69.03940000000023
"(0.15, 0.025, 4.5)",47.98849999999997,66.79670000000002,73.06910000000013,68.81840000000021
"(0.15, 0.025, 5.0)",50.12329999999998,67.38440000000004,72.48570000000014,69.30920000000025
"(0.15, 0.025, 5.5)",51.99319999999997,68.64949999999997,71.42350000000022,68.62300000000023
"(0.15, 0.025, 6.0)",53.485099999999996,68.3488,71.14190000000019,67.51540000000026
"(0.15, 0.025, 6.5)",55.28659999999993,68.66199999999995,70.20980000000026,66.57640000000026
"(0.15, 0.025, 7.0)",56.7151,69.48159999999996,69.52170000000021,66.48870000000025
"(0.15, 0.025, 7.5)",57.89640000000003,69.48030000000006,67.99010000000021,65.88390000000031
"(0.15, 0.025, 8.0)",58.740300000000055,68.77419999999998,68.25490000000026,65.98440000000035
"(0.15, 0.025, 8.5)",59.965100000000014,69.63669999999993,67.17260000000024,65.68440000000037
"(0.15, 0.025, 9.0)",61.45739999999995,67.6823999999999,66.64450000000025,65.57960000000037
"(0.15, 0.025, 9.5)",62.26059999999995,68.27990000000008,65.98600000000027,64.99300000000035
"(0.15, 0.05, 1.0)",26.076799999999974,41.27139999999995,67.83410000000003,82.23109999999998
"(0.15, 0.05, 1.5)",29.808300000000006,49.03910000000004,72.67560000000005,82.36600000000001
"(0.15, 0.05, 2.0)",33.640699999999974,53.21040000000006,75.83899999999994,81.95020000000017
"(0.15, 0.05, 2.5)",37.29430000000004,56.66590000000002,77.90810000000002,79.05930000000006
"(0.15, 0.05, 3.0)",40.595300000000044,58.16089999999997,78.59849999999997,77.92020000000014
"(0.15, 0.05, 3.5)",43.38709999999999,59.83000000000002,79.13629999999999,76.46170000000014
"(0.15, 0.05, 4.0)",46.41589999999993,60.47100000000006,78.57659999999998,75.15520000000018
"(0.15, 0.05, 4.5)",48.61430000000004,60.26390000000008,77.87079999999985,75.08670000000012
"(0.15, 0.05, 5.0)",50.43609999999999,60.04490000000006,77.056,73.88610000000016
"(0.15, 0.05, 5.5)",52.16989999999994,60.80729999999999,76.32950000000002,72.7846000000002
"(0.15, 0.05, 6.0)",53.50469999999988,61.153599999999976,75.48840000000015,72.24770000000028
"(0.15, 0.05, 6.5)",54.673799999999964,61.77819999999999,75.14750000000012,71.2036000000003
"(0.15, 0.05, 7.0)",55.78019999999995,61.18000000000001,74.14090000000019,69.92030000000025
"(0.15, 0.05, 7.5)",56.62879999999999,61.436599999999906,72.81160000000017,68.93830000000021
"(0.15, 0.05, 8.0)",57.8468,59.594499999999904,72.42310000000019,68.54410000000024
"(0.15, 0.05, 8.5)",58.819400000000094,59.97289999999995,70.93230000000027,67.98620000000027
"(0.15, 0.05, 9.0)",59.139500000000076,61.01499999999999,70.70700000000025,67.77080000000029
"(0.15, 0.05, 9.5)",60.006000000000014,59.615599999999944,70.04810000000026,67.46670000000032
"(0.15, 0.1, 1.0)",26.165899999999993,40.80589999999997,67.28940000000006,82.34930000000004
"(0.15, 0.1, 1.5)",30.017900000000008,47.18520000000002,72.0602000000001,83.84800000000017
"(0.15, 0.1, 2.0)",33.93890000000002,51.02100000000002,75.29129999999998,85.21720000000006
"(0.15, 0.1, 2.5)",37.764599999999945,52.629300000000065,77.61370000000002,84.50430000000014
"(0.15, 0.1, 3.0)",40.89300000000001,53.96709999999995,78.73880000000004,84.73189999999998
"(0.15, 0.1, 3.5)",43.38639999999994,53.61789999999995,80.06230000000005,83.92219999999996
"(0.15, 0.1, 4.0)",46.0713,53.429500000000075,80.59020000000015,82.67470000000016
"(0.15, 0.1, 4.5)",48.11779999999999,53.89299999999999,80.76419999999989,81.43460000000022
"(0.15, 0.1, 5.0)",49.768699999999946,53.69180000000006,80.12089999999999,80.35740000000014
"(0.15, 0.1, 5.5)",51.17560000000003,54.162399999999984,80.27840000000002,79.21030000000007
"(0.15, 0.1, 6.0)",51.926,53.40690000000003,79.9594,78.0225000000002
"(0.15, 0.1, 6.5)",52.955300000000015,52.90230000000001,79.7120000000002,77.20780000000022
"(0.15, 0.1, 7.0)",53.65579999999997,52.56570000000001,78.90549999999998,76.48550000000016
"(0.15, 0.1, 7.5)",54.87410000000003,51.647800000000025,78.16000000000004,74.71100000000024
"(0.15, 0.1, 8.0)",55.61699999999989,51.26940000000001,77.17710000000007,73.74210000000025
"(0.15, 0.1, 8.5)",55.951200000000014,51.033,77.17730000000005,73.50320000000029
"(0.15, 0.1, 9.0)",56.44390000000001,51.47569999999996,76.68660000000011,73.25790000000035
"(0.15, 0.1, 9.5)",57.45590000000003,49.863100000000024,75.85820000000011,72.66310000000036
"(0.2, 0.025, 1.0)",28.192800000000005,47.65179999999993,72.73810000000005,77.94980000000014
"(0.2, 0.025, 1.5)",33.01800000000001,55.51599999999999,76.5497,74.18850000000026
"(0.2, 0.025, 2.0)",37.54139999999996,60.841999999999985,77.30289999999997,70.97870000000023
"(0.2, 0.025, 2.5)",41.569500000000076,64.17450000000011,76.61220000000014,70.59560000000023
"(0.2, 0.025, 3.0)",45.3571,66.57019999999994,74.22240000000002,69.69820000000024
"(0.2, 0.025, 3.5)",48.686499999999995,67.83220000000004,73.2036000000002,69.36920000000025
"(0.2, 0.025, 4.0)",51.27059999999997,68.27080000000005,71.81530000000016,68.61710000000022
"(0.2, 0.025, 4.5)",53.5075,68.91449999999996,71.02810000000021,67.58070000000025
"(0.2, 0.025, 5.0)",55.81329999999996,69.59300000000007,70.2146000000002,66.61720000000024
"(0.2, 0.025, 5.5)",57.40660000000002,69.22890000000008,68.60790000000019,66.41180000000027
"(0.2, 0.025, 6.0)",58.754399999999954,68.94370000000009,68.20320000000025,66.00400000000035
"(0.2, 0.025, 6.5)",60.61860000000006,69.40069999999993,67.32430000000026,65.88670000000037
"(0.2, 0.025, 7.0)",62.025200000000005,67.32020000000004,66.03880000000026,65.39050000000037
"(0.2, 0.025, 7.5)",62.80110000000007,67.6064,65.06100000000026,64.69670000000036
"(0.2, 0.025, 8.0)",64.13620000000002,67.67209999999999,65.12160000000031,64.70100000000036
"(0.2, 0.025, 8.5)",64.89680000000004,67.99749999999997,64.38580000000032,64.7989000000004
"(0.2, 0.025, 9.0)",65.51330000000004,68.3215,63.893600000000326,64.4064000000004
"(0.2, 0.025, 9.5)",66.52390000000004,67.94420000000004,63.33540000000036,63.8258000000004
"(0.2, 0.05, 1.0)",28.511899999999997,46.600000000000065,71.36019999999992,83.03119999999987
"(0.2, 0.05, 1.5)",33.62019999999996,52.92839999999996,75.91469999999988,82.31040000000014
"(0.2, 0.05, 2.0)",38.27189999999994,57.17349999999999,77.92220000000005,78.9348000000002
"(0.2, 0.05, 2.5)",42.44229999999991,58.860400000000006,79.31530000000002,77.09450000000017
"(0.2, 0.05, 3.0)",46.34589999999994,59.75680000000005,78.66199999999992,75.4373000000002
"(0.2, 0.05, 3.5)",49.11499999999995,60.20819999999998,77.70930000000001,75.09970000000014
"(0.2, 0.05, 4.0)",51.60649999999997,60.65189999999997,76.5977000000001,73.62750000000021
"(0.2, 0.05, 4.5)",53.40379999999996,61.3055,75.62790000000015,72.53750000000032
"(0.2, 0.05, 5.0)",54.96029999999995,61.05639999999996,75.14770000000007,71.1339000000003
"(0.2, 0.05, 5.5)",56.1714,59.513999999999875,73.27050000000021,69.6589000000002
"(0.2, 0.05, 6.0)",57.736499999999914,58.73749999999999,72.60300000000015,69.19870000000023
"(0.2, 0.05, 6.5)",59.32140000000003,59.54869999999996,71.07150000000016,68.16730000000028
"(0.2, 0.05, 7.0)",59.746900000000025,60.02949999999992,70.40520000000028,67.51070000000027
"(0.2, 0.05, 7.5)",61.28840000000001,58.80679999999994,69.93530000000032,67.36870000000033
"(0.2, 0.05, 8.0)",61.694699999999926,58.794100000000014,68.4786000000003,67.33330000000036
"(0.2, 0.05, 8.5)",62.200400000000016,58.36599999999996,67.43800000000037,66.77150000000039
"(0.2, 0.05, 9.0)",62.40239999999994,58.6633,66.93850000000042,66.36250000000047
"(0.2, 0.05, 9.5)",62.73800000000006,58.23879999999996,65.62360000000044,65.86720000000048
"(0.2, 0.1, 1.0)",28.68480000000003,45.40159999999991,70.68280000000007,83.87109999999996
"(0.2, 0.1, 1.5)",33.926800000000014,50.75979999999994,75.21439999999994,85.45100000000012
"(0.2, 0.1, 2.0)",38.86949999999995,52.841800000000006,78.0352,85.06060000000012
"(0.2, 0.1, 2.5)",42.55150000000005,53.18370000000006,80.02490000000006,84.4911
"(0.2, 0.1, 3.0)",46.05409999999995,53.036899999999996,80.67280000000015,83.09520000000033
"(0.2, 0.1, 3.5)",48.657600000000045,53.6899,80.64269999999982,81.65080000000023
"(0.2, 0.1, 4.0)",50.72229999999997,52.90990000000002,79.84630000000001,79.97720000000012
"(0.2, 0.1, 4.5)",51.84820000000004,52.036500000000004,79.99649999999994,78.99050000000024
"(0.2, 0.1, 5.0)",53.147200000000005,52.05849999999998,79.46450000000009,77.60190000000024
"(0.2, 0.1, 5.5)",54.28289999999996,51.11019999999997,78.67120000000004,76.25780000000017
"(0.2, 0.1, 6.0)",55.551300000000005,50.38630000000003,77.41950000000013,74.78300000000024
"(0.2, 0.1, 6.5)",56.04479999999997,50.79220000000003,76.9701,73.71260000000034
"(0.2, 0.1, 7.0)",56.8253,49.54880000000006,76.38570000000017,73.43670000000033
"(0.2, 0.1, 7.5)",58.028400000000055,48.98770000000004,74.9608000000001,72.26880000000041
"(0.2, 0.1, 8.0)",57.79450000000006,48.23830000000001,74.50030000000022,71.48540000000042
"(0.2, 0.1, 8.5)",58.38130000000005,48.34370000000002,73.43110000000027,71.37890000000044
"(0.2, 0.1, 9.0)",58.78240000000007,46.143999999999984,72.64940000000027,70.5990000000004
"(0.2, 0.1, 9.5)",58.67210000000003,44.60250000000001,71.50320000000028,70.49190000000043
"(0.25, 0.025, 1.0)",30.61290000000002,52.13610000000003,75.52789999999996,75.68090000000018
"(0.25, 0.025, 1.5)",36.43609999999999,59.77780000000002,77.87759999999987,71.59000000000024
"(0.25, 0.025, 2.0)",41.514100000000035,64.35620000000004,77.04470000000009,71.18310000000027
"(0.25, 0.025, 2.5)",46.148900000000005,66.86180000000012,74.02470000000005,69.59010000000025
"(0.25, 0.025, 3.0)",50.16460000000001,68.33139999999997,72.58750000000015,69.59980000000027
"(0.25, 0.025, 3.5)",52.855100000000036,68.25329999999992,71.13230000000024,68.01090000000023
"(0.25, 0.025, 4.0)",55.667899999999996,69.68090000000008,70.2710000000002,66.89550000000023
"(0.25, 0.025, 4.5)",57.63329999999997,69.18489999999998,68.31600000000023,66.39760000000032
"(0.25, 0.025, 5.0)",59.45840000000007,68.99820000000001,67.49850000000022,66.07630000000034
"(0.25, 0.025, 5.5)",61.95799999999988,67.05089999999997,66.85720000000028,65.68030000000039
"(0.25, 0.025, 6.0)",62.955100000000115,68.50329999999992,65.16360000000029,64.68680000000036
"(0.25, 0.025, 6.5)",64.04079999999998,67.13580000000005,65.28690000000032,65.08580000000038
"(0.25, 0.025, 7.0)",65.14579999999995,67.54709999999997,64.53390000000033,64.89430000000043
"(0.25, 0.025, 7.5)",66.12449999999998,67.70810000000009,63.61540000000037,64.2184000000004
"(0.25, 0.025, 8.0)",66.6150999999999,66.51979999999993,63.77200000000037,63.9281000000004
"(0.25, 0.025, 8.5)",67.5464,67.72059999999999,63.1989000000004,63.44180000000041
"(0.25, 0.025, 9.0)",67.85220000000002,67.12980000000009,63.01330000000043,62.74790000000043
"(0.25, 0.025, 9.5)",67.85460000000003,65.7708,63.73660000000043,63.54220000000043
"(0.25, 0.05, 1.0)",31.12449999999999,50.18570000000003,74.19120000000011,83.17870000000016
"(0.25, 0.05, 1.5)",37.21280000000001,56.47550000000001,78.14209999999997,79.88180000000003
"(0.25, 0.05, 2.0)",42.33909999999995,59.04840000000001,79.49999999999996,77.17350000000017
"(0.25, 0.05, 2.5)",47.137499999999946,59.609999999999964,78.69500000000008,75.7882000000002
"(0.25, 0.05, 3.0)",50.29409999999998,59.96479999999998,77.61020000000002,74.5953000000002
"(0.25, 0.05, 3.5)",53.120599999999996,60.61539999999998,76.14980000000008,73.29700000000025
"(0.25, 0.05, 4.0)",54.855499999999985,60.99009999999995,75.25970000000005,71.55510000000025
"(0.25, 0.05, 4.5)",56.46650000000001,58.811499999999924,73.12990000000015,69.90480000000018
"(0.25, 0.05, 5.0)",58.66639999999997,58.87180000000003,72.01660000000028,69.38250000000026
"(0.25, 0.05, 5.5)",59.55710000000003,57.472899999999925,71.07540000000029,68.51810000000029
"(0.25, 0.05, 6.0)",61.19460000000001,58.67830000000006,70.27560000000035,67.83750000000032
"(0.25, 0.05, 6.5)",61.677199999999985,58.36789999999997,68.63830000000036,67.71230000000033
"(0.25, 0.05, 7.0)",62.39250000000005,56.34120000000002,67.41410000000037,66.95730000000039
"(0.25, 0.05, 7.5)",62.478500000000025,56.81260000000003,66.60460000000042,66.60790000000046
"(0.25, 0.05, 8.0)",63.02240000000007,55.22389999999999,66.45760000000043,66.39710000000044
"(0.25, 0.05, 8.5)",62.92680000000003,55.321599999999954,65.84180000000045,65.69680000000048
"(0.25, 0.05, 9.0)",63.89919999999999,54.52009999999996,64.90360000000045,64.67790000000046
"(0.25, 0.05, 9.5)",64.21690000000007,54.89679999999987,64.41310000000044,64.20710000000045
"(0.25, 0.1, 1.0)",31.31070000000001,48.28669999999993,73.31009999999982,84.99490000000003
"(0.25, 0.1, 1.5)",37.6563,51.68650000000006,77.6606,85.5724000000001
"(0.25, 0.1, 2.0)",42.48379999999996,52.72880000000004,79.94570000000003,84.97479999999999
"(0.25, 0.1, 2.5)",46.5352,52.81660000000003,80.8873999999999,83.6858000000002
"(0.25, 0.1, 3.0)",49.68619999999993,52.28359999999998,80.32800000000003,81.0000000000001
"(0.25, 0.1, 3.5)",51.63599999999992,51.349400000000024,79.84209999999997,79.61940000000021
"(0.25, 0.1, 4.0)",53.05180000000004,50.90050000000001,79.96970000000017,78.31990000000022
"(0.25, 0.1, 4.5)",54.8362,50.40209999999998,78.2060000000001,75.80830000000023
"(0.25, 0.1, 5.0)",55.88830000000001,49.999699999999976,77.47720000000011,75.08820000000023
"(0.25, 0.1, 5.5)",56.62359999999996,48.713500000000046,76.94460000000021,74.32990000000031
"(0.25, 0.1, 6.0)",57.96269999999999,48.59510000000011,75.35630000000018,73.34880000000037
"(0.25, 0.1, 6.5)",57.86769999999997,47.53270000000007,74.46830000000013,72.67670000000041
"(0.25, 0.1, 7.0)",58.51309999999994,45.54559999999999,73.1292000000002,72.1549000000004
"(0.25, 0.1, 7.5)",58.761300000000034,44.09340000000002,71.94580000000013,71.93950000000041
"(0.25, 0.1, 8.0)",58.559200000000025,42.5827,71.37230000000025,70.6938000000004
"(0.25, 0.1, 8.5)",58.66530000000011,42.87110000000003,70.43880000000036,70.08890000000036
"(0.25, 0.1, 9.0)",57.97870000000003,43.378400000000056,69.75240000000034,69.50000000000041
"(0.25, 0.1, 9.5)",56.94909999999999,42.18550000000004,69.26670000000038,68.99110000000042
"(0.3, 0.025, 1.0)",32.99610000000002,56.54709999999999,77.29650000000005,74.82260000000029
"(0.3, 0.025, 1.5)",39.429300000000005,62.88670000000004,77.8706000000001,71.23810000000024
"(0.3, 0.025, 2.0)",45.193000000000005,66.42449999999998,74.82739999999998,70.48970000000024
"(0.3, 0.025, 2.5)",50.172100000000015,67.79899999999999,72.35660000000007,69.22360000000026
"(0.3, 0.025, 3.0)",53.27700000000006,68.47519999999994,71.40580000000018,67.88930000000023
"(0.3, 0.025, 3.5)",56.34289999999994,68.48050000000009,69.64270000000019,66.73440000000022
"(0.3, 0.025, 4.0)",58.57110000000003,68.88539999999992,68.49140000000027,66.45560000000035
"(0.3, 0.025, 4.5)",61.190099999999966,69.13190000000002,67.32000000000026,65.78530000000038
"(0.3, 0.025, 5.0)",62.83680000000008,67.6245000000001,65.38040000000031,64.97950000000036
"(0.3, 0.025, 5.5)",64.382,67.8383999999999,65.18560000000032,65.08370000000039
"(0.3, 0.025, 6.0)",65.66879999999996,67.71170000000004,64.25260000000033,64.60280000000041
"(0.3, 0.025, 6.5)",66.15730000000003,66.99529999999989,64.09690000000037,64.32270000000041
"(0.3, 0.025, 7.0)",67.16910000000016,66.9931,63.192300000000394,63.24380000000042
"(0.3, 0.025, 7.5)",67.92429999999999,67.00370000000002,63.01890000000043,62.948000000000434
"(0.3, 0.025, 8.0)",68.14970000000002,68.57840000000003,63.74120000000043,63.44700000000043
"(0.3, 0.025, 8.5)",68.576,65.74990000000008,63.448500000000465,63.24840000000046
"(0.3, 0.025, 9.0)",69.19420000000004,65.07800000000002,63.54910000000044,63.54670000000043
"(0.3, 0.025, 9.5)",69.31200000000003,65.35979999999994,63.35150000000046,63.34830000000046
"(0.3, 0.05, 1.0)",33.54319999999996,52.86309999999995,76.2843,82.79850000000025
"(0.3, 0.05, 1.5)",40.327500000000015,58.29400000000007,78.88600000000001,78.94830000000016
"(0.3, 0.05, 2.0)",46.17420000000002,59.36320000000003,79.14880000000007,76.65350000000016
"(0.3, 0.05, 2.5)",50.1271,59.585100000000004,77.94980000000008,74.81540000000018
"(0.3, 0.05, 3.0)",52.96259999999992,59.642000000000046,75.9560000000001,72.92770000000029
"(0.3, 0.05, 3.5)",55.60499999999999,58.996699999999905,74.7749000000001,71.87750000000025
"(0.3, 0.05, 4.0)",57.43059999999993,57.560099999999935,72.91280000000015,70.15130000000023
"(0.3, 0.05, 4.5)",58.84980000000001,57.528099999999995,71.22550000000027,69.15800000000029
"(0.3, 0.05, 5.0)",60.99100000000002,56.98060000000002,70.49270000000034,68.48300000000032
"(0.3, 0.05, 5.5)",61.74519999999998,56.619600000000034,68.95640000000034,68.16300000000037
"(0.3, 0.05, 6.0)",62.26439999999997,55.8468000000001,67.62430000000036,67.69490000000036
"(0.3, 0.05, 6.5)",62.93920000000008,54.05869999999996,66.5099000000004,66.88770000000042
"(0.3, 0.05, 7.0)",62.90120000000003,54.962699999999934,65.72550000000044,66.00220000000047
"(0.3, 0.05, 7.5)",63.475900000000024,54.53529999999996,65.29810000000047,65.31320000000048
"(0.3, 0.05, 8.0)",63.904800000000016,54.037299999999945,64.77020000000047,65.05450000000046
"(0.3, 0.05, 8.5)",63.55800000000003,51.07789999999995,64.29580000000047,64.86350000000046
"(0.3, 0.05, 9.0)",64.35009999999998,51.245499999999936,64.18710000000044,64.68900000000046
"(0.3, 0.05, 9.5)",63.77619999999994,50.30399999999994,63.82150000000049,64.60480000000047
"(0.3, 0.1, 1.0)",33.86570000000002,49.90029999999998,75.28950000000005,86.31989999999988
"(0.3, 0.1, 1.5)",40.72249999999992,52.33410000000002,78.67290000000006,86.44860000000013
"(0.3, 0.1, 2.0)",45.85529999999998,52.1146,80.76690000000005,84.39200000000017
"(0.3, 0.1, 2.5)",49.538600000000045,51.767299999999956,80.5747,82.03130000000014
"(0.3, 0.1, 3.0)",51.70989999999994,51.6275,79.91199999999992,80.09990000000019
"(0.3, 0.1, 3.5)",53.70010000000005,50.52050000000006,79.43399999999991,79.02820000000018
"(0.3, 0.1, 4.0)",55.34279999999995,49.3317,77.76480000000001,75.84640000000024
"(0.3, 0.1, 4.5)",56.560000000000095,48.422100000000114,76.99840000000007,75.69350000000026
"(0.3, 0.1, 5.0)",57.9006,47.14690000000008,75.85020000000007,74.55410000000029
"(0.3, 0.1, 5.5)",58.20870000000006,45.22749999999998,74.55810000000018,73.51210000000033
"(0.3, 0.1, 6.0)",58.93920000000006,43.91060000000002,72.90150000000025,72.22050000000043
"(0.3, 0.1, 6.5)",58.31399999999998,42.942100000000046,71.8017000000002,71.81870000000038
"(0.3, 0.1, 7.0)",58.63329999999998,42.35860000000004,70.92150000000028,70.75840000000036
"(0.3, 0.1, 7.5)",58.0197,41.648300000000035,70.12340000000029,70.03260000000041
"(0.3, 0.1, 8.0)",56.935500000000026,41.80370000000002,69.44410000000039,69.3331000000004
"(0.3, 0.1, 8.5)",58.12270000000003,41.8781,68.49540000000039,68.96620000000041
"(0.3, 0.1, 9.0)",57.85319999999996,40.6629,68.3911000000004,68.4280000000004
"(0.3, 0.1, 9.5)",57.85909999999998,40.06610000000001,67.68530000000038,68.73940000000042
"(0.35, 0.025, 1.0)",35.381899999999995,59.491999999999884,78.2211000000001,73.06270000000033
"(0.35, 0.025, 1.5)",42.31049999999994,65.50350000000005,77.09159999999999,70.76340000000027
"(0.35, 0.025, 2.0)",48.46739999999994,68.40269999999997,73.58820000000007,69.27340000000021
"(0.35, 0.025, 2.5)",52.83270000000001,68.27560000000005,72.04510000000018,68.39300000000024
"(0.35, 0.025, 3.0)",56.2307,69.05260000000001,69.64050000000016,66.82520000000022
"(0.35, 0.025, 3.5)",58.88169999999999,68.72089999999997,68.47630000000025,66.56910000000035
"(0.35, 0.025, 4.0)",61.78849999999994,67.36749999999994,66.84350000000023,65.88120000000039
"(0.35, 0.025, 4.5)",63.22650000000004,68.2817999999999,65.57310000000032,65.18430000000039
"(0.35, 0.025, 5.0)",65.16509999999995,65.94189999999999,64.49880000000033,64.90890000000041
"(0.35, 0.025, 5.5)",66.11789999999998,67.08559999999994,64.26360000000037,64.5184000000004
"(0.35, 0.025, 6.0)",67.14499999999994,66.88420000000005,63.404700000000396,63.5385000000004
"(0.35, 0.025, 6.5)",67.839,66.31800000000003,63.317400000000426,63.14520000000043
"(0.35, 0.025, 7.0)",68.38870000000009,66.52849999999995,63.64130000000044,63.44720000000043
"(0.35, 0.025, 7.5)",68.54589999999996,65.1407,63.54840000000046,63.348400000000446
"(0.35, 0.025, 8.0)",68.99850000000004,64.76309999999992,63.25180000000045,63.34890000000044
"(0.35, 0.025, 8.5)",69.19389999999993,65.23680000000004,63.44980000000047,63.44880000000047
"(0.35, 0.025, 9.0)",69.61359999999989,64.39729999999997,63.453300000000496,63.452300000000484
"(0.35, 0.025, 9.5)",70.61090000000007,63.71390000000001,63.353400000000526,63.35260000000051
"(0.35, 0.05, 1.0)",35.976300000000016,54.87360000000007,77.86160000000007,81.48030000000006
"(0.35, 0.05, 1.5)",43.02279999999998,58.667,79.67119999999996,77.53800000000017
"(0.35, 0.05, 2.0)",48.92980000000003,59.28439999999999,78.4903999999999,76.23760000000023
"(0.35, 0.05, 2.5)",52.732499999999895,59.6569,76.85450000000012,73.14340000000027
"(0.35, 0.05, 3.0)",55.44629999999999,58.526999999999965,75.31680000000006,72.12800000000023
"(0.35, 0.05, 3.5)",58.047200000000046,57.90419999999996,72.68040000000015,70.60140000000033
"(0.35, 0.05, 4.0)",59.29730000000008,57.18489999999998,71.3835000000003,69.59330000000028
"(0.35, 0.05, 4.5)",61.252700000000026,56.44069999999994,70.68580000000033,68.71390000000032
"(0.35, 0.05, 5.0)",61.85170000000011,54.41669999999999,68.05700000000037,68.10540000000036
"(0.35, 0.05, 5.5)",62.62500000000005,54.41449999999994,66.96830000000041,67.1656000000004
"(0.35, 0.05, 6.0)",62.95119999999996,54.20519999999994,66.04170000000042,66.50820000000044
"(0.35, 0.05, 6.5)",63.328800000000044,52.82199999999998,65.50630000000046,65.68970000000049
"(0.35, 0.05, 7.0)",63.66780000000002,51.78609999999998,64.93640000000046,65.33590000000045
"(0.35, 0.05, 7.5)",64.04250000000002,50.647299999999916,64.45180000000046,65.05510000000045
"(0.35, 0.05, 8.0)",64.03020000000004,51.21319999999997,63.99060000000046,64.78010000000044
"(0.35, 0.05, 8.5)",63.835400000000035,50.765400000000014,63.82640000000048,64.71490000000047
"(0.35, 0.05, 9.0)",64.69549999999998,49.776899999999976,63.9480000000005,64.91460000000048
"(0.35, 0.05, 9.5)",65.56800000000003,50.77119999999997,64.10070000000047,64.72060000000049
"(0.35, 0.1, 1.0)",36.366499999999974,50.32899999999993,76.88990000000001,86.37739999999994
"(0.35, 0.1, 1.5)",43.089400000000005,51.59349999999998,80.1318,85.48750000000024
"(0.35, 0.1, 2.0)",48.3506999999999,52.26139999999997,80.70619999999988,84.13320000000013
"(0.35, 0.1, 2.5)",51.37090000000001,50.69949999999998,80.20640000000003,80.98880000000005
"(0.35, 0.1, 3.0)",53.60150000000008,49.88250000000002,79.54830000000007,79.63480000000015
"(0.35, 0.1, 3.5)",55.469899999999896,48.79589999999998,78.13310000000008,77.73930000000028
"(0.35, 0.1, 4.0)",56.62470000000004,45.35760000000004,77.0304000000002,76.34240000000025
"(0.35, 0.1, 4.5)",58.16270000000002,45.098800000000026,75.6771000000002,75.24380000000028
"(0.35, 0.1, 5.0)",58.16510000000001,43.06260000000004,73.75520000000016,73.73820000000032
"(0.35, 0.1, 5.5)",58.4238,42.18650000000003,72.1479000000002,73.13380000000036
"(0.35, 0.1, 6.0)",58.44870000000005,42.01550000000006,71.26330000000023,71.60720000000038
"(0.35, 0.1, 6.5)",58.29620000000002,41.31690000000004,70.3934000000003,71.14180000000043
"(0.35, 0.1, 7.0)",57.798199999999966,40.37640000000003,69.58720000000041,70.55720000000044
"(0.35, 0.1, 7.5)",58.2032,40.31210000000002,68.63340000000042,69.6880000000004
"(0.35, 0.1, 8.0)",58.17849999999994,39.76629999999998,68.02600000000038,69.63760000000039
"(0.35, 0.1, 8.5)",56.74459999999997,38.54380000000002,67.96000000000043,69.65770000000043
"(0.35, 0.1, 9.0)",57.150300000000016,37.354199999999985,67.69750000000046,69.56210000000043
"(0.35, 0.1, 9.5)",57.9794,38.08819999999999,67.56690000000047,69.32920000000044
"(0.4, 0.025, 1.0)",37.434099999999994,61.71480000000002,78.8024,72.93910000000027
"(0.4, 0.025, 1.5)",44.9199,66.91919999999993,75.47830000000009,70.87470000000026
"(0.4, 0.025, 2.0)",50.94509999999998,68.33120000000007,72.37250000000024,69.53630000000028
"(0.4, 0.025, 2.5)",55.29079999999992,69.7518,70.58260000000021,68.01580000000023
"(0.4, 0.025, 3.0)",58.422599999999996,67.81550000000001,68.60460000000022,66.7558000000003
"(0.4, 0.025, 3.5)",61.59009999999997,68.15780000000008,67.05200000000028,66.07120000000037
"(0.4, 0.025, 4.0)",63.85309999999994,67.38949999999993,65.62140000000032,65.28320000000038
"(0.4, 0.025, 4.5)",65.50219999999997,65.97489999999989,64.66780000000035,64.99560000000042
"(0.4, 0.025, 5.0)",66.70519999999995,67.09739999999994,64.47200000000038,64.70700000000042
"(0.4, 0.025, 5.5)",67.71180000000005,66.23629999999986,63.506700000000414,63.73160000000042
"(0.4, 0.025, 6.0)",68.48309999999996,64.75179999999993,63.86690000000043,63.83650000000042
"(0.4, 0.025, 6.5)",68.96029999999988,64.79459999999999,63.54790000000047,63.64260000000044
"(0.4, 0.025, 7.0)",69.1236000000001,65.34749999999994,63.35120000000046,63.64420000000043
"(0.4, 0.025, 7.5)",69.23729999999985,65.05870000000006,63.64970000000048,63.450700000000474
"(0.4, 0.025, 8.0)",69.7665,63.44510000000001,63.4522000000005,63.352400000000486
"(0.4, 0.025, 8.5)",70.04159999999996,62.19609999999993,63.55320000000052,63.3537000000005
"(0.4, 0.025, 9.0)",70.46869999999986,61.743600000000036,62.85560000000055,63.05440000000052
"(0.4, 0.025, 9.5)",71.1230000000001,61.67639999999993,62.457800000000546,62.754500000000526
"(0.4, 0.05, 1.0)",38.100999999999964,56.602500000000035,78.69959999999989,80.57550000000013
"(0.4, 0.05, 1.5)",45.81919999999993,57.744000000000014,79.70929999999993,77.64370000000011
"(0.4, 0.05, 2.0)",50.88190000000001,58.918100000000045,77.76270000000012,75.6230000000002
"(0.4, 0.05, 2.5)",54.41540000000003,59.86910000000006,76.1142000000001,73.07960000000023
"(0.4, 0.05, 3.0)",57.15349999999997,57.61250000000003,73.69650000000021,70.47110000000026
"(0.4, 0.05, 3.5)",59.1700000000001,55.980999999999945,72.0236000000003,70.02740000000027
"(0.4, 0.05, 4.0)",61.32119999999998,55.4723,70.64010000000034,69.56840000000037
"(0.4, 0.05, 4.5)",62.07819999999995,55.203700000000026,68.12480000000033,68.45450000000037
"(0.4, 0.05, 5.0)",62.74120000000005,53.7314999999999,67.2708000000004,67.99290000000039
"(0.4, 0.05, 5.5)",63.04360000000003,53.82189999999995,65.7832000000004,66.45750000000045
"(0.4, 0.05, 6.0)",64.38889999999996,51.494099999999996,65.4002000000005,65.82740000000048
"(0.4, 0.05, 6.5)",63.74139999999992,51.17389999999988,65.00430000000047,65.63370000000043
"(0.4, 0.05, 7.0)",63.863199999999956,51.06929999999993,64.66840000000046,65.36130000000045
"(0.4, 0.05, 7.5)",63.43530000000006,49.80419999999998,63.862500000000495,65.18110000000047
"(0.4, 0.05, 8.0)",64.36410000000001,49.900200000000005,63.9492000000005,65.00800000000048
"(0.4, 0.05, 8.5)",65.09080000000003,50.29379999999998,63.7510000000005,64.7092000000005
"(0.4, 0.05, 9.0)",65.4514999999999,49.872199999999985,63.111300000000504,63.91390000000051
"(0.4, 0.05, 9.5)",64.16989999999997,48.12170000000001,62.908900000000514,63.71470000000052
"(0.4, 0.1, 1.0)",38.69490000000003,51.41839999999997,78.13729999999994,87.09770000000002
"(0.4, 0.1, 1.5)",45.63319999999999,52.106100000000055,80.7751,85.24790000000013
"(0.4, 0.1, 2.0)",50.03909999999995,50.92769999999999,80.42790000000008,83.41370000000029
"(0.4, 0.1, 2.5)",52.544199999999954,49.350600000000014,80.5289,80.62750000000013
"(0.4, 0.1, 3.0)",55.10960000000001,47.16280000000003,78.43410000000002,78.60010000000021
"(0.4, 0.1, 3.5)",56.37979999999995,44.46850000000004,77.28089999999997,77.38250000000032
"(0.4, 0.1, 4.0)",57.53269999999999,43.80320000000004,75.91470000000012,76.21590000000032
"(0.4, 0.1, 4.5)",58.67339999999996,41.90509999999996,73.68310000000025,74.54080000000032
"(0.4, 0.1, 5.0)",58.42400000000004,41.416500000000035,72.22030000000018,73.73490000000032
"(0.4, 0.1, 5.5)",58.166300000000035,40.70310000000005,71.02470000000022,72.76440000000036
"(0.4, 0.1, 6.0)",57.45540000000003,40.34700000000002,70.85500000000035,72.31060000000038
"(0.4, 0.1, 6.5)",58.03000000000003,40.129700000000064,69.24220000000035,71.4831000000004
"(0.4, 0.1, 7.0)",57.947199999999974,39.3845,68.18520000000039,70.53640000000038
"(0.4, 0.1, 7.5)",56.36479999999994,38.62519999999999,67.87890000000043,70.4298000000004
"(0.4, 0.1, 8.0)",57.66409999999995,37.84099999999997,67.77540000000042,70.48840000000041
"(0.4, 0.1, 8.5)",56.91089999999998,37.75609999999999,67.41180000000044,70.06880000000041
"(0.4, 0.1, 9.0)",56.235799999999905,36.961400000000026,66.29120000000049,69.56840000000048
"(0.4, 0.1, 9.5)",56.99569999999987,37.24120000000003,66.2813000000005,69.42510000000047
"(0.45, 0.025, 1.0)",39.19509999999996,63.78720000000006,79.04550000000015,72.0162000000002
"(0.45, 0.025, 1.5)",47.48979999999991,67.84560000000003,74.20370000000011,70.30150000000023
"(0.45, 0.025, 2.0)",53.14739999999998,67.94049999999997,72.09160000000017,68.11070000000025
"(0.45, 0.025, 2.5)",57.32489999999995,67.87390000000008,68.76050000000023,66.88780000000028
"(0.45, 0.025, 3.0)",61.20639999999994,68.15439999999998,67.69530000000024,66.55150000000033
"(0.45, 0.025, 3.5)",63.285200000000074,66.89149999999998,65.2879000000003,65.39440000000037
"(0.45, 0.025, 4.0)",65.45850000000003,65.70139999999995,64.86270000000037,65.38730000000044
"(0.45, 0.025, 4.5)",66.54119999999996,66.30870000000002,64.48270000000039,64.70430000000043
"(0.45, 0.025, 5.0)",67.74890000000005,65.85799999999995,63.52440000000042,63.72240000000042
"(0.45, 0.025, 5.5)",68.44030000000011,63.68419999999997,63.942800000000446,63.93310000000042
"(0.45, 0.025, 6.0)",69.093,65.2772,63.705900000000454,63.84180000000043
"(0.45, 0.025, 6.5)",69.13859999999997,65.00140000000005,63.252700000000466,63.54550000000045
"(0.45, 0.025, 7.0)",69.82809999999994,63.71849999999993,63.5518000000005,63.748500000000476
"(0.45, 0.025, 7.5)",70.81879999999995,62.50229999999997,63.65280000000052,63.65010000000049
"(0.45, 0.025, 8.0)",69.97129999999994,62.5432999999999,62.85560000000054,63.15260000000051
"(0.45, 0.025, 8.5)",70.6586999999999,62.56560000000004,62.35780000000054,62.85230000000052
"(0.45, 0.025, 9.0)",71.24649999999997,60.83570000000002,62.25780000000054,62.45690000000053
"(0.45, 0.025, 9.5)",70.78480000000015,60.645400000000045,61.762100000000515,61.961100000000506
"(0.45, 0.05, 1.0)",39.9683,57.66729999999995,79.45240000000003,79.92560000000009
"(0.45, 0.05, 1.5)",47.89629999999997,57.67989999999998,79.24470000000001,77.24620000000029
"(0.45, 0.05, 2.0)",52.62849999999996,59.94710000000003,77.57620000000006,74.11570000000025
"(0.45, 0.05, 2.5)",56.014100000000134,56.81039999999996,74.6878000000001,71.62460000000024
"(0.45, 0.05, 3.0)",58.486799999999995,56.21589999999994,72.48760000000033,70.34330000000031
"(0.45, 0.05, 3.5)",61.05440000000004,54.387499999999974,70.73890000000031,69.85110000000034
"(0.45, 0.05, 4.0)",61.687999999999995,54.80020000000002,68.33320000000036,68.87800000000041
"(0.45, 0.05, 4.5)",62.279,52.48009999999996,67.47820000000036,68.3640000000004
"(0.45, 0.05, 5.0)",63.15900000000002,52.74949999999993,65.60560000000044,66.64470000000046
"(0.45, 0.05, 5.5)",63.610400000000006,50.70669999999994,65.99430000000046,66.89780000000039
"(0.45, 0.05, 6.0)",63.71240000000002,49.9578999999999,65.50680000000048,66.58840000000043
"(0.45, 0.05, 6.5)",63.24670000000004,48.48939999999995,64.13060000000048,65.70420000000048
"(0.45, 0.05, 7.0)",63.662400000000055,49.516699999999986,64.38080000000046,66.03500000000047
"(0.45, 0.05, 7.5)",65.60450000000002,49.93969999999997,64.19470000000048,65.3723000000005
"(0.45, 0.05, 8.0)",65.05260000000004,48.42159999999999,63.050200000000515,64.2600000000005
"(0.45, 0.05, 8.5)",64.26059999999998,48.125299999999946,62.91200000000052,63.98790000000051
"(0.45, 0.05, 9.0)",64.76660000000004,47.95470000000001,62.22120000000051,63.29240000000051
"(0.45, 0.05, 9.5)",63.830200000000026,48.10319999999999,61.956600000000506,62.904200000000515
"(0.45, 0.1, 1.0)",40.51979999999998,51.85740000000006,78.59210000000013,87.47920000000012
"(0.45, 0.1, 1.5)",47.2885,50.57939999999999,80.9932000000001,85.70760000000016
"(0.45, 0.1, 2.0)",51.19109999999998,50.16319999999999,80.35019999999999,81.7644000000002
"(0.45, 0.1, 2.5)",54.14690000000004,47.34050000000002,80.01140000000004,79.98390000000018
"(0.45, 0.1, 3.0)",55.81419999999999,44.623900000000056,78.32789999999999,78.97650000000023
"(0.45, 0.1, 3.5)",57.70169999999998,42.63870000000003,76.57090000000017,77.52180000000031
"(0.45, 0.1, 4.0)",58.52129999999995,41.11310000000001,74.13170000000018,75.77330000000039
"(0.45, 0.1, 4.5)",58.24620000000006,39.26980000000002,72.41970000000022,74.70860000000036
"(0.45, 0.1, 5.0)",57.835800000000056,39.53330000000004,71.07570000000028,73.85530000000035
"(0.45, 0.1, 5.5)",57.53960000000005,38.65370000000001,70.8091000000003,72.64540000000036
"(0.45, 0.1, 6.0)",58.106100000000005,37.75269999999996,69.01910000000042,71.78960000000042
"(0.45, 0.1, 6.5)",57.24620000000002,38.0323,68.4486000000004,71.06830000000045
"(0.45, 0.1, 7.0)",56.97009999999998,37.564599999999984,67.79030000000047,71.09880000000045
"(0.45, 0.1, 7.5)",57.44180000000003,36.46180000000001,67.85170000000039,71.23760000000043
"(0.45, 0.1, 8.0)",56.42809999999987,37.16160000000002,66.48460000000047,70.31970000000045
"(0.45, 0.1, 8.5)",56.82289999999989,36.69670000000001,66.06990000000047,69.54830000000051
"(0.45, 0.1, 9.0)",56.63149999999993,36.309099999999994,65.12560000000049,69.31720000000048
"(0.45, 0.1, 9.5)",55.96880000000001,36.32190000000001,64.64530000000052,69.0586000000005
"(0.5, 0.025, 1.0)",41.174499999999995,64.62700000000005,78.84830000000004,71.88360000000024
"(0.5, 0.025, 1.5)",49.485200000000006,68.55440000000003,74.09220000000003,71.12290000000021
"(0.5, 0.025, 2.0)",54.998100000000036,67.65400000000008,70.91700000000017,68.71940000000025
"(0.5, 0.025, 2.5)",59.15450000000005,68.50379999999996,68.13570000000026,67.15170000000029
"(0.5, 0.025, 3.0)",62.77199999999989,66.64609999999992,66.68750000000024,65.78370000000037
"(0.5, 0.025, 3.5)",64.79479999999998,65.0674,65.42060000000038,65.68420000000043
"(0.5, 0.025, 4.0)",66.15189999999996,65.00930000000001,64.9790000000004,64.99860000000042
"(0.5, 0.025, 4.5)",67.68660000000003,65.26909999999991,63.91870000000041,63.71950000000043
"(0.5, 0.025, 5.0)",68.35160000000005,64.60469999999995,64.23890000000044,64.12900000000043
"(0.5, 0.025, 5.5)",68.60949999999997,63.537399999999934,63.745500000000455,63.547000000000445
"(0.5, 0.025, 6.0)",69.50109999999998,64.60009999999996,63.25470000000048,63.35190000000047
"(0.5, 0.025, 6.5)",70.42909999999999,63.61279999999987,63.55520000000051,63.651900000000495
"(0.5, 0.025, 7.0)",70.03800000000001,62.823099999999904,63.250200000000525,63.2547000000005
"(0.5, 0.025, 7.5)",71.1249999999999,63.16959999999991,62.65550000000055,62.85480000000052
"(0.5, 0.025, 8.0)",69.98139999999995,63.02590000000003,62.16050000000053,62.35980000000052
"(0.5, 0.025, 8.5)",70.55729999999996,60.37499999999995,61.66230000000052,61.86140000000051
"(0.5, 0.025, 9.0)",69.5477,59.85019999999998,61.86190000000052,62.061000000000504
"(0.5, 0.025, 9.5)",70.7003000000001,60.55290000000003,61.861400000000515,62.060800000000505
"(0.5, 0.05, 1.0)",41.894599999999976,57.482399999999934,80.20160000000003,79.5619000000002
"(0.5, 0.05, 1.5)",49.36209999999996,58.57550000000005,78.88340000000005,77.23150000000014
"(0.5, 0.05, 2.0)",54.056799999999946,58.10419999999997,77.08820000000006,73.89520000000027
"(0.5, 0.05, 2.5)",57.3894,54.26260000000007,74.59800000000016,71.65660000000031
"(0.5, 0.05, 3.0)",60.17140000000007,54.78679999999996,70.89370000000027,70.0455000000003
"(0.5, 0.05, 3.5)",61.507100000000065,55.21039999999999,69.14240000000032,69.8509000000004
"(0.5, 0.05, 4.0)",62.765000000000036,54.34829999999996,67.42190000000039,68.52710000000039
"(0.5, 0.05, 4.5)",63.39270000000001,52.02989999999995,66.09100000000042,66.91650000000043
"(0.5, 0.05, 5.0)",63.08969999999999,50.61709999999993,66.38090000000047,67.0130000000004
"(0.5, 0.05, 5.5)",63.54880000000005,50.551099999999984,65.96120000000052,67.05480000000041
"(0.5, 0.05, 6.0)",62.97569999999998,50.23799999999997,64.7372000000005,66.22500000000046
"(0.5, 0.05, 6.5)",64.82119999999998,50.4167,64.4015000000005,66.4090000000005
"(0.5, 0.05, 7.0)",64.45069999999991,49.229899999999965,64.16080000000049,65.72060000000049
"(0.5, 0.05, 7.5)",64.38059999999996,48.33679999999993,63.091200000000526,64.82710000000051
"(0.5, 0.05, 8.0)",64.43769999999996,47.77029999999996,62.257400000000516,63.67430000000052
"(0.5, 0.05, 8.5)",63.764699999999934,47.60439999999993,62.03360000000051,63.18860000000051
"(0.5, 0.05, 9.0)",62.833800000000025,47.757399999999926,61.93850000000052,62.98760000000053
"(0.5, 0.05, 9.5)",62.646999999999956,47.50779999999995,61.84100000000052,62.89140000000054
"(0.5, 0.1, 1.0)",41.93870000000002,50.490600000000036,79.6780000000001,87.91330000000009
"(0.5, 0.1, 1.5)",49.03069999999994,49.65129999999997,80.80420000000007,85.6787000000002
"(0.5, 0.1, 2.0)",52.30710000000006,48.74410000000004,80.65720000000006,82.52750000000033
"(0.5, 0.1, 2.5)",55.01380000000004,44.15110000000002,79.4757000000001,80.22930000000015
"(0.5, 0.1, 3.0)",56.86360000000004,42.40659999999998,77.58150000000018,78.84970000000031
"(0.5, 0.1, 3.5)",57.426599999999986,40.7144,75.23190000000015,77.13810000000034
"(0.5, 0.1, 4.0)",58.612900000000025,39.561400000000056,73.37500000000024,76.57160000000036
"(0.5, 0.1, 4.5)",57.62930000000004,39.073800000000006,71.37950000000026,74.82530000000033
"(0.5, 0.1, 5.0)",57.36230000000002,38.26329999999998,71.1179000000003,74.32750000000036
"(0.5, 0.1, 5.5)",57.76939999999995,37.631899999999966,69.6488000000004,73.47210000000032
"(0.5, 0.1, 6.0)",56.841300000000054,37.09609999999994,68.45260000000044,72.73260000000042
"(0.5, 0.1, 6.5)",56.93759999999993,36.50499999999997,68.48280000000042,73.01420000000041
"(0.5, 0.1, 7.0)",56.57580000000003,36.42339999999998,67.2510000000004,72.43040000000039
"(0.5, 0.1, 7.5)",56.36639999999994,35.85329999999998,66.61910000000043,71.58900000000045
"(0.5, 0.1, 8.0)",56.658599999999964,36.445599999999985,66.17750000000049,71.70650000000046
"(0.5, 0.1, 8.5)",55.86970000000002,36.72349999999999,65.1931000000005,69.91360000000047
"(0.5, 0.1, 9.0)",56.316400000000016,36.235099999999946,64.58920000000053,69.89870000000052
"(0.5, 0.1, 9.5)",55.11349999999996,36.22599999999993,64.77890000000055,69.94700000000051
"(0.55, 0.025, 1.0)",42.83929999999997,65.89230000000003,78.11160000000005,71.61460000000021
"(0.55, 0.025, 1.5)",51.202300000000015,68.09659999999995,73.57000000000012,70.61100000000026
"(0.55, 0.025, 2.0)",56.54499999999994,68.62589999999999,69.58800000000019,68.00970000000027
"(0.55, 0.025, 2.5)",60.98100000000003,68.10089999999991,68.07190000000028,67.42110000000031
"(0.55, 0.025, 3.0)",63.9366,64.64160000000003,65.98780000000033,66.25280000000039
"(0.55, 0.025, 3.5)",65.34579999999997,65.91099999999993,65.2878000000004,65.39550000000045
"(0.55, 0.025, 4.0)",67.14910000000003,64.61990000000004,64.10540000000039,64.31180000000042
"(0.55, 0.025, 4.5)",67.77889999999996,64.02699999999999,64.14090000000044,64.21970000000043
"(0.55, 0.025, 5.0)",68.80439999999997,63.84279999999994,63.945300000000465,64.12690000000045
"(0.55, 0.025, 5.5)",70.14129999999993,63.957999999999906,63.25470000000049,63.45130000000048
"(0.55, 0.025, 6.0)",70.17079999999993,62.54229999999993,63.356600000000505,63.7473000000005
"(0.55, 0.025, 6.5)",70.31920000000004,61.46190000000001,62.95700000000054,63.4488000000005
"(0.55, 0.025, 7.0)",70.37829999999992,60.66079999999994,62.357700000000534,62.85370000000053
"(0.55, 0.025, 7.5)",70.3466,61.14869999999999,62.06110000000053,62.359900000000515
"(0.55, 0.025, 8.0)",69.6402999999999,60.3425,61.86200000000052,62.16070000000051
"(0.55, 0.025, 8.5)",69.7193999999999,60.96969999999993,61.96110000000052,62.25980000000051
"(0.55, 0.025, 9.0)",69.73789999999998,61.770199999999974,61.86130000000052,62.060900000000515
"(0.55, 0.025, 9.5)",70.11219999999999,61.94339999999996,62.05960000000052,62.35880000000052
"(0.55, 0.05, 1.0)",43.397599999999976,56.82580000000002,80.71119999999998,79.56900000000012
"(0.55, 0.05, 1.5)",50.903999999999975,58.35680000000001,78.87500000000001,77.01710000000017
"(0.55, 0.05, 2.0)",55.162600000000005,55.888200000000026,76.22440000000003,73.73550000000027
"(0.55, 0.05, 2.5)",58.430800000000076,54.931500000000035,73.87160000000026,71.15540000000031
"(0.55, 0.05, 3.0)",60.69379999999999,54.43519999999996,70.48750000000034,70.0928000000004
"(0.55, 0.05, 3.5)",62.05760000000009,54.250199999999964,68.07970000000034,69.05270000000043
"(0.55, 0.05, 4.0)",63.05540000000002,52.136299999999935,67.06420000000043,68.1126000000004
"(0.55, 0.05, 4.5)",63.36590000000005,49.221799999999966,66.00420000000045,66.88360000000043
"(0.55, 0.05, 5.0)",63.29319999999999,48.554699999999976,66.24580000000047,66.96840000000041
"(0.55, 0.05, 5.5)",63.20360000000006,47.82599999999996,65.22890000000048,66.69680000000044
"(0.55, 0.05, 6.0)",64.75270000000005,48.07419999999994,64.48000000000047,66.28300000000047
"(0.55, 0.05, 6.5)",64.59360000000004,47.63989999999991,64.2869000000005,65.88350000000048
"(0.55, 0.05, 7.0)",63.51559999999995,47.43609999999994,63.20020000000053,65.26870000000048
"(0.55, 0.05, 7.5)",63.19209999999999,47.53649999999991,62.493800000000526,64.0959000000005
"(0.55, 0.05, 8.0)",63.322300000000006,46.796199999999935,62.04120000000054,63.89300000000053
"(0.55, 0.05, 8.5)",62.70699999999996,46.20499999999997,61.903900000000526,63.88450000000052
"(0.55, 0.05, 9.0)",62.77950000000003,46.99909999999998,61.83930000000051,63.53010000000052
"(0.55, 0.05, 9.5)",63.022600000000054,47.586999999999975,61.939400000000525,63.44280000000052
"(0.55, 0.1, 1.0)",43.47920000000003,50.23440000000001,80.58929999999998,87.93830000000021
"(0.55, 0.1, 1.5)",49.88739999999999,47.97439999999999,81.05749999999995,85.77500000000025
"(0.55, 0.1, 2.0)",53.75229999999993,47.008100000000006,80.57589999999996,82.7277000000002
"(0.55, 0.1, 2.5)",55.59739999999995,42.08520000000002,79.11990000000009,81.11990000000024
"(0.55, 0.1, 3.0)",57.29920000000005,40.17149999999998,77.04410000000023,79.02530000000034
"(0.55, 0.1, 3.5)",58.10319999999999,40.43210000000005,75.50650000000029,78.22310000000031
"(0.55, 0.1, 4.0)",57.40060000000006,39.453500000000005,72.89050000000023,77.34600000000022
"(0.55, 0.1, 4.5)",57.311299999999974,38.52210000000004,72.42430000000026,76.40590000000027
"(0.55, 0.1, 5.0)",57.133899999999954,35.85559999999992,70.38680000000036,75.18120000000032
"(0.55, 0.1, 5.5)",56.592099999999974,36.24439999999996,69.41500000000046,74.40290000000027
"(0.55, 0.1, 6.0)",57.384499999999996,36.19039999999997,68.91230000000043,74.24100000000035
"(0.55, 0.1, 6.5)",56.69419999999998,36.24229999999996,67.6394000000004,73.04370000000034
"(0.55, 0.1, 7.0)",56.227799999999974,36.17189999999992,66.40710000000047,72.55320000000042
"(0.55, 0.1, 7.5)",55.3219999999999,36.25109999999996,65.97330000000049,72.69520000000043
"(0.55, 0.1, 8.0)",56.23959999999994,36.54599999999995,65.69470000000051,72.11000000000047
"(0.55, 0.1, 8.5)",55.7523,36.14399999999994,65.16300000000051,71.72960000000049
"(0.55, 0.1, 9.0)",55.0696,35.75949999999994,64.69820000000057,71.4730000000005
"(0.55, 0.1, 9.5)",54.3515,36.15499999999998,65.01840000000057,71.62660000000051
"(0.6, 0.025, 1.0)",44.571000000000005,66.70770000000007,77.53600000000017,71.99230000000023
"(0.6, 0.025, 1.5)",52.64630000000007,67.52560000000003,73.01560000000022,69.55350000000028
"(0.6, 0.025, 2.0)",58.31310000000006,67.15329999999997,69.91820000000024,67.76440000000026
"(0.6, 0.025, 2.5)",62.52249999999994,67.5876999999999,66.66190000000027,66.90670000000033
"(0.6, 0.025, 3.0)",64.92330000000003,66.30829999999999,65.7334000000004,66.25160000000044
"(0.6, 0.025, 3.5)",66.79139999999995,65.60759999999999,64.81450000000041,65.19480000000044
"(0.6, 0.025, 4.0)",67.30519999999999,65.8073,64.72000000000045,64.50580000000045
"(0.6, 0.025, 4.5)",68.80050000000006,64.32329999999992,64.04590000000044,64.22570000000044
"(0.6, 0.025, 5.0)",69.9804,62.870999999999974,63.65240000000048,63.837700000000474
"(0.6, 0.025, 5.5)",69.7587999999999,62.64629999999993,63.5526000000005,63.93740000000051
"(0.6, 0.025, 6.0)",70.12270000000004,61.76990000000004,62.857600000000545,63.34290000000052
"(0.6, 0.025, 6.5)",70.14239999999988,59.989000000000054,62.16020000000053,62.74430000000053
"(0.6, 0.025, 7.0)",70.28790000000001,61.4161,61.75980000000052,62.14730000000051
"(0.6, 0.025, 7.5)",69.85599999999992,61.57890000000003,61.86180000000052,62.249000000000514
"(0.6, 0.025, 8.0)",70.07239999999996,60.70349999999998,61.86110000000052,62.24850000000051
"(0.6, 0.025, 8.5)",70.59729999999993,61.888799999999996,61.861300000000526,62.14930000000052
"(0.6, 0.025, 9.0)",69.27930000000006,61.61480000000008,62.06010000000053,62.24820000000053
"(0.6, 0.025, 9.5)",69.65889999999989,62.06059999999999,61.961100000000535,62.248200000000544
"(0.6, 0.05, 1.0)",45.100600000000036,56.113000000000014,81.04670000000002,79.64010000000019
"(0.6, 0.05, 1.5)",51.88829999999999,58.031299999999945,78.96780000000014,75.86590000000024
"(0.6, 0.05, 2.0)",56.387200000000036,54.25640000000002,75.81250000000013,73.6797000000002
"(0.6, 0.05, 2.5)",59.610299999999945,52.375100000000025,72.18250000000026,71.00590000000035
"(0.6, 0.05, 3.0)",60.93049999999998,53.03170000000003,69.30840000000035,69.84120000000038
"(0.6, 0.05, 3.5)",62.44790000000006,52.72319999999998,67.79450000000031,68.6553000000004
"(0.6, 0.05, 4.0)",63.72169999999997,49.97719999999998,66.66110000000049,67.55670000000039
"(0.6, 0.05, 4.5)",62.57450000000003,48.241899999999966,66.52080000000049,67.54380000000037
"(0.6, 0.05, 5.0)",63.412700000000015,47.98399999999999,65.70240000000051,67.05360000000043
"(0.6, 0.05, 5.5)",63.869800000000104,47.40109999999989,65.00040000000051,66.42350000000047
"(0.6, 0.05, 6.0)",63.96840000000003,46.680399999999935,64.27730000000052,65.69540000000049
"(0.6, 0.05, 6.5)",63.75370000000001,47.31849999999988,63.240400000000534,65.2813000000005
"(0.6, 0.05, 7.0)",62.26419999999994,46.905099999999855,62.39640000000053,64.4862000000005
"(0.6, 0.05, 7.5)",62.765499999999996,46.170399999999916,62.396100000000544,64.18860000000053
"(0.6, 0.05, 8.0)",62.55090000000009,46.159799999999926,62.136500000000545,64.28870000000052
"(0.6, 0.05, 8.5)",61.943500000000014,46.192299999999946,62.14210000000053,64.48370000000052
"(0.6, 0.05, 9.0)",61.80689999999999,47.23099999999997,61.85450000000052,64.20730000000052
"(0.6, 0.05, 9.5)",60.87589999999998,46.51739999999999,61.951000000000505,64.4052000000005
"(0.6, 0.1, 1.0)",44.887699999999974,49.672899999999906,80.93280000000004,88.14340000000016
"(0.6, 0.1, 1.5)",50.40140000000005,47.383700000000026,80.97130000000016,85.24420000000016
"(0.6, 0.1, 2.0)",54.41659999999996,43.16960000000001,80.29950000000008,83.05170000000025
"(0.6, 0.1, 2.5)",56.41860000000002,39.52769999999999,78.76460000000016,81.10890000000026
"(0.6, 0.1, 3.0)",57.708,39.55700000000001,75.8977000000002,79.59590000000031
"(0.6, 0.1, 3.5)",58.39280000000009,38.251200000000004,74.84010000000026,79.13630000000025
"(0.6, 0.1, 4.0)",57.19950000000004,37.61439999999999,73.18080000000022,78.09580000000025
"(0.6, 0.1, 4.5)",57.309899999999985,36.14409999999994,71.53300000000026,77.0109000000003
"(0.6, 0.1, 5.0)",56.31749999999997,36.61059999999997,70.23210000000043,76.12700000000028
"(0.6, 0.1, 5.5)",56.7594,35.866899999999966,69.66130000000045,75.53210000000036
"(0.6, 0.1, 6.0)",56.404400000000045,35.57679999999994,68.46430000000046,74.9531000000004
"(0.6, 0.1, 6.5)",56.26810000000004,35.288499999999935,67.15260000000045,74.85470000000035
"(0.6, 0.1, 7.0)",55.06639999999999,36.24399999999998,66.54890000000049,74.04460000000037
"(0.6, 0.1, 7.5)",55.492899999999906,35.18509999999991,65.55250000000053,73.68380000000039
"(0.6, 0.1, 8.0)",54.35939999999993,34.78909999999992,65.45370000000052,74.03230000000038
"(0.6, 0.1, 8.5)",55.019400000000005,35.65659999999997,65.38470000000054,73.7262000000004
"(0.6, 0.1, 9.0)",54.53979999999997,35.849399999999974,64.86440000000054,73.33950000000043
"(0.6, 0.1, 9.5)",54.723099999999945,36.05349999999998,64.70050000000056,72.91650000000045
"(0.65, 0.025, 1.0)",46.32379999999999,67.76279999999994,76.98580000000014,71.7719000000003
"(0.65, 0.025, 1.5)",53.88210000000006,68.007,72.6665000000001,69.01980000000023
"(0.65, 0.025, 2.0)",59.5973,68.47599999999993,69.52440000000023,67.5102000000003
"(0.65, 0.025, 2.5)",63.55710000000004,66.70870000000006,66.4002000000003,66.24600000000038
"(0.65, 0.025, 3.0)",65.83070000000004,65.3125,65.7541000000004,66.07040000000045
"(0.65, 0.025, 3.5)",67.18100000000003,65.00789999999995,64.64280000000042,64.48720000000043
"(0.65, 0.025, 4.0)",68.76330000000003,63.021399999999964,64.43620000000045,64.60910000000045
"(0.65, 0.025, 4.5)",69.28720000000003,62.22539999999995,64.05640000000047,64.32240000000046
"(0.65, 0.025, 5.0)",69.4684,60.3962,63.453800000000506,64.0315000000005
"(0.65, 0.025, 5.5)",69.50199999999995,61.634399999999985,62.75830000000053,63.34270000000052
"(0.65, 0.025, 6.0)",69.79359999999988,61.739699999999935,62.358100000000526,63.03870000000052
"(0.65, 0.025, 6.5)",70.05539999999993,60.95919999999996,61.859300000000516,62.34250000000052
"(0.65, 0.025, 7.0)",69.28719999999997,62.069799999999994,61.859900000000515,62.34320000000051
"(0.65, 0.025, 7.5)",70.45340000000007,59.54779999999998,61.76240000000052,62.246000000000514
"(0.65, 0.025, 8.0)",69.20859999999995,60.74200000000007,61.86140000000053,62.34520000000053
"(0.65, 0.025, 8.5)",69.4336,60.416700000000084,62.06010000000054,62.344000000000534
"(0.65, 0.025, 9.0)",70.66429999999997,59.03350000000009,61.96080000000054,62.34370000000054
"(0.65, 0.025, 9.5)",69.85649999999991,59.38470000000006,61.76190000000053,62.24230000000053
"(0.65, 0.05, 1.0)",46.49359999999993,56.96190000000003,81.01820000000002,80.1387000000002
"(0.65, 0.05, 1.5)",52.90299999999999,57.10120000000001,79.07140000000015,76.56400000000018
"(0.65, 0.05, 2.0)",57.115500000000004,53.81599999999999,76.07260000000021,73.55350000000031
"(0.65, 0.05, 2.5)",60.122499999999995,52.59050000000007,71.82020000000027,72.0295000000004
"(0.65, 0.05, 3.0)",61.925999999999966,53.20250000000002,69.39020000000038,70.69540000000048
"(0.65, 0.05, 3.5)",62.209700000000055,50.93609999999997,67.75760000000034,68.43220000000038
"(0.65, 0.05, 4.0)",63.02039999999999,50.02669999999996,66.55570000000048,67.80810000000038
"(0.65, 0.05, 4.5)",62.71180000000005,48.62239999999995,66.21830000000053,67.86680000000041
"(0.65, 0.05, 5.0)",62.98240000000004,47.66420000000001,65.8636000000005,67.31040000000041
"(0.65, 0.05, 5.5)",64.40159999999999,48.07850000000004,64.4245000000005,66.10170000000046
"(0.65, 0.05, 6.0)",63.22000000000007,49.04550000000002,63.606900000000536,65.65850000000049
"(0.65, 0.05, 6.5)",61.564899999999945,47.09469999999999,62.397400000000545,64.6640000000005
"(0.65, 0.05, 7.0)",62.87219999999999,46.927699999999994,62.51460000000053,64.65040000000052
"(0.65, 0.05, 7.5)",62.87750000000005,46.78019999999996,62.29490000000054,64.56320000000052
"(0.65, 0.05, 8.0)",61.56930000000006,47.636099999999956,62.33230000000053,64.59370000000052
"(0.65, 0.05, 8.5)",60.06770000000002,47.48259999999996,62.13690000000053,64.49490000000051
"(0.65, 0.05, 9.0)",60.5217,46.47129999999998,62.236100000000526,64.61300000000053
"(0.65, 0.05, 9.5)",60.182299999999984,47.1832,62.23030000000052,64.61280000000052
"(0.65, 0.1, 1.0)",45.85610000000005,48.46570000000014,81.2517,88.05100000000024
"(0.65, 0.1, 1.5)",51.245999999999974,45.36469999999996,80.9970000000001,85.28340000000016
"(0.65, 0.1, 2.0)",54.9113000000001,42.163099999999986,80.70660000000014,83.60020000000026
"(0.65, 0.1, 2.5)",57.12159999999998,39.554300000000005,78.69140000000006,81.43340000000025
"(0.65, 0.1, 3.0)",57.42809999999991,38.55030000000001,76.12530000000014,80.61020000000025
"(0.65, 0.1, 3.5)",57.06769999999996,37.89920000000001,74.45010000000022,79.81120000000027
"(0.65, 0.1, 4.0)",56.57949999999998,36.18909999999995,72.8539000000003,79.27780000000021
"(0.65, 0.1, 4.5)",56.337099999999964,36.45939999999996,71.57990000000026,79.04710000000028
"(0.65, 0.1, 5.0)",56.90189999999992,35.86409999999995,71.14970000000041,78.8445000000003
"(0.65, 0.1, 5.5)",56.46230000000002,35.755899999999905,69.26750000000048,76.98110000000028
"(0.65, 0.1, 6.0)",56.184799999999925,35.58859999999989,68.21050000000045,76.59230000000031
"(0.65, 0.1, 6.5)",54.79919999999999,35.3944999999999,67.3137000000004,76.04800000000039
"(0.65, 0.1, 7.0)",55.91029999999995,34.79829999999988,66.52020000000047,75.09870000000038
"(0.65, 0.1, 7.5)",55.167300000000004,35.0006999999999,66.04260000000046,74.83920000000039
"(0.65, 0.1, 8.0)",54.71360000000002,34.80059999999988,65.43460000000053,74.5068000000004
"(0.65, 0.1, 8.5)",53.6242,34.97509999999992,65.27930000000055,74.3812000000004
"(0.65, 0.1, 9.0)",53.7086,34.687499999999886,65.39360000000056,73.99710000000043
"(0.65, 0.1, 9.5)",52.366200000000035,34.592999999999876,64.83190000000053,73.20860000000042
"(0.7, 0.025, 1.0)",47.72160000000001,66.26499999999997,76.43380000000016,72.2879000000003
"(0.7, 0.025, 1.5)",55.0226,66.8425,71.85770000000012,69.18090000000025
"(0.7, 0.025, 2.0)",60.565499999999965,66.37609999999988,68.96970000000024,67.06550000000031
"(0.7, 0.025, 2.5)",64.81200000000005,64.72529999999992,66.48770000000036,66.63530000000038
"(0.7, 0.025, 3.0)",66.66250000000002,64.9936,65.46720000000043,65.76310000000043
"(0.7, 0.025, 3.5)",67.73219999999992,64.60249999999992,65.29080000000043,65.08590000000045
"(0.7, 0.025, 4.0)",68.8861,61.69670000000001,64.19450000000045,64.70550000000046
"(0.7, 0.025, 4.5)",69.84510000000004,62.30830000000001,63.845000000000496,64.42290000000047
"(0.7, 0.025, 5.0)",69.78500000000005,60.12799999999999,63.14980000000052,63.73080000000051
"(0.7, 0.025, 5.5)",69.27429999999998,60.34620000000003,62.651000000000536,63.23390000000053
"(0.7, 0.025, 6.0)",69.84939999999993,61.363399999999984,62.05730000000052,62.72390000000052
"(0.7, 0.025, 6.5)",69.6637,59.67399999999998,61.859800000000504,62.721100000000504
"(0.7, 0.025, 7.0)",70.1875,59.7282,61.75970000000052,62.425800000000514
"(0.7, 0.025, 7.5)",69.72000000000004,59.30749999999998,61.66290000000053,62.429000000000535
"(0.7, 0.025, 8.0)",69.93419999999999,60.149800000000006,61.86250000000054,62.23960000000054
"(0.7, 0.025, 8.5)",69.99209999999994,59.9263,61.86230000000054,62.43240000000054
"(0.7, 0.025, 9.0)",70.38839999999995,58.85570000000004,61.76200000000053,62.33010000000054
"(0.7, 0.025, 9.5)",69.35620000000003,59.14680000000004,61.76100000000053,62.42220000000053
"(0.7, 0.05, 1.0)",47.31229999999992,56.63140000000004,81.19179999999997,80.16670000000016
"(0.7, 0.05, 1.5)",53.65550000000003,54.913699999999956,78.74070000000009,76.61710000000016
"(0.7, 0.05, 2.0)",58.14120000000002,53.00530000000003,75.5246000000001,73.7119000000003
"(0.7, 0.05, 2.5)",60.452500000000015,53.017199999999924,71.30560000000024,71.59050000000042
"(0.7, 0.05, 3.0)",61.37480000000006,50.63219999999992,69.4539000000004,70.6731000000004
"(0.7, 0.05, 3.5)",62.95130000000005,49.48459999999998,67.40470000000036,69.30170000000041
"(0.7, 0.05, 4.0)",62.308800000000005,49.69619999999996,66.71710000000049,68.5852000000004
"(0.7, 0.05, 4.5)",62.47559999999998,48.218899999999984,65.79400000000052,68.42400000000042
"(0.7, 0.05, 5.0)",63.279399999999995,49.717999999999996,65.4633000000005,68.0405000000004
"(0.7, 0.05, 5.5)",62.401900000000055,48.512199999999986,63.993000000000535,66.25120000000047
"(0.7, 0.05, 6.0)",61.595199999999956,47.4802999999999,62.64270000000056,65.28840000000051
"(0.7, 0.05, 6.5)",62.15549999999994,48.454099999999954,62.75440000000056,65.81880000000052
"(0.7, 0.05, 7.0)",61.20480000000004,48.62789999999996,62.395700000000545,65.38680000000055
"(0.7, 0.05, 7.5)",61.62939999999997,47.986599999999974,62.39850000000053,65.13610000000052
"(0.7, 0.05, 8.0)",60.76999999999996,48.538899999999956,61.914100000000545,64.81450000000052
"(0.7, 0.05, 8.5)",59.442400000000006,47.07769999999994,62.218800000000535,64.92130000000054
"(0.7, 0.05, 9.0)",59.61629999999995,47.06509999999996,62.31700000000052,64.98730000000053
"(0.7, 0.05, 9.5)",58.85410000000006,46.49709999999999,62.30580000000052,64.90350000000052
"(0.7, 0.1, 1.0)",46.859200000000016,47.596900000000026,81.40039999999989,88.42230000000018
"(0.7, 0.1, 1.5)",52.054599999999965,44.66080000000005,80.92600000000006,86.03160000000018
"(0.7, 0.1, 2.0)",55.15340000000002,39.6386,80.72719999999994,84.4997000000003
"(0.7, 0.1, 2.5)",56.7370000000001,38.660100000000014,78.38760000000013,82.30170000000025
"(0.7, 0.1, 3.0)",58.16850000000014,38.550300000000064,76.87580000000024,82.03250000000014
"(0.7, 0.1, 3.5)",57.06760000000003,35.98209999999994,75.52420000000025,80.83850000000021
"(0.7, 0.1, 4.0)",57.29710000000005,35.51739999999993,73.00170000000027,79.97040000000025
"(0.7, 0.1, 4.5)",55.65499999999995,35.37359999999993,72.21900000000034,79.68030000000019
"(0.7, 0.1, 5.0)",56.27490000000012,35.18809999999991,70.73370000000041,78.5087000000002
"(0.7, 0.1, 5.5)",55.680599999999984,35.981299999999955,69.47380000000041,78.15310000000025
"(0.7, 0.1, 6.0)",55.467400000000005,35.696999999999896,68.5278000000005,77.79350000000025
"(0.7, 0.1, 6.5)",55.121799999999936,34.32869999999985,67.74620000000041,77.80780000000024
"(0.7, 0.1, 7.0)",54.47250000000005,34.31789999999988,66.85370000000043,77.2043000000003
"(0.7, 0.1, 7.5)",53.650300000000016,35.487199999999916,66.54760000000049,77.48850000000024
"(0.7, 0.1, 8.0)",53.91289999999994,34.880999999999894,66.22720000000045,77.40230000000025
"(0.7, 0.1, 8.5)",52.78390000000001,34.69029999999989,65.53570000000056,77.07120000000026
"(0.7, 0.1, 9.0)",51.069000000000024,34.887099999999926,65.28790000000056,76.95330000000027
"(0.7, 0.1, 9.5)",49.948699999999974,34.30219999999986,65.05690000000055,76.5106000000003
"(0.75, 0.025, 1.0)",48.546600000000055,67.62810000000003,76.44460000000008,72.32560000000028
"(0.75, 0.025, 1.5)",56.238200000000035,68.31219999999998,72.04930000000022,69.80110000000025
"(0.75, 0.025, 2.0)",61.92589999999996,66.51050000000002,68.22170000000027,67.1120000000003
"(0.75, 0.025, 2.5)",65.01400000000001,64.41840000000002,66.34230000000038,66.75540000000042
"(0.75, 0.025, 3.0)",66.97580000000008,64.3736999999999,65.69130000000044,65.56420000000045
"(0.75, 0.025, 3.5)",68.25930000000005,62.43409999999988,65.09880000000042,64.99360000000044
"(0.75, 0.025, 4.0)",69.33150000000002,60.793299999999974,64.42480000000047,64.90340000000046
"(0.75, 0.025, 4.5)",69.27030000000002,60.30839999999998,63.747400000000496,64.31560000000046
"(0.75, 0.025, 5.0)",69.79359999999996,63.1892999999999,62.85050000000054,63.51860000000052
"(0.75, 0.025, 5.5)",69.21790000000003,60.485999999999954,62.25690000000052,63.017000000000515
"(0.75, 0.025, 6.0)",69.23520000000006,59.62129999999995,61.85800000000051,62.7150000000005
"(0.75, 0.025, 6.5)",69.98450000000003,60.55270000000003,61.85810000000052,62.71490000000052
"(0.75, 0.025, 7.0)",69.66129999999997,61.00510000000005,61.76000000000053,62.622000000000526
"(0.75, 0.025, 7.5)",69.97839999999998,60.150100000000045,61.86210000000054,62.433600000000546
"(0.75, 0.025, 8.0)",69.61800000000005,61.13370000000009,61.86250000000054,62.43470000000054
"(0.75, 0.025, 8.5)",68.72030000000004,61.10300000000012,61.66330000000053,62.23350000000054
"(0.75, 0.025, 9.0)",68.7852,59.28780000000005,61.761500000000524,62.23410000000054
"(0.75, 0.025, 9.5)",68.76509999999996,58.54040000000001,61.562300000000526,62.035000000000544
"(0.75, 0.05, 1.0)",48.17130000000002,55.35410000000003,81.12560000000005,80.43240000000009
"(0.75, 0.05, 1.5)",54.34860000000001,53.19319999999999,78.55420000000008,77.34780000000019
"(0.75, 0.05, 2.0)",59.02580000000005,52.82789999999994,74.97130000000017,73.6334000000003
"(0.75, 0.05, 2.5)",61.05990000000005,52.17449999999999,71.73240000000033,72.28980000000041
"(0.75, 0.05, 3.0)",61.630200000000094,49.48690000000004,69.5280000000004,71.00150000000042
"(0.75, 0.05, 3.5)",61.330900000000014,49.31999999999997,67.21930000000035,69.75870000000039
"(0.75, 0.05, 4.0)",61.91930000000002,48.5133,67.18360000000048,69.55270000000039
"(0.75, 0.05, 4.5)",63.34339999999997,48.20740000000001,66.5278000000005,69.3189000000004
"(0.75, 0.05, 5.0)",62.72440000000002,48.52799999999997,65.11430000000053,68.2545000000004
"(0.75, 0.05, 5.5)",62.50930000000003,47.413799999999945,63.50110000000055,67.33650000000046
"(0.75, 0.05, 6.0)",61.64569999999995,47.11879999999994,63.05870000000056,66.65680000000053
"(0.75, 0.05, 6.5)",62.20540000000005,46.839499999999944,62.585300000000565,66.47160000000052
"(0.75, 0.05, 7.0)",61.22870000000001,45.72649999999996,62.550700000000546,66.44780000000053
"(0.75, 0.05, 7.5)",60.99479999999996,46.30939999999996,62.484900000000536,66.17830000000052
"(0.75, 0.05, 8.0)",59.88979999999988,46.421199999999956,62.49690000000054,66.00770000000051
"(0.75, 0.05, 8.5)",60.04649999999998,47.557499999999976,62.396800000000525,65.78090000000051
"(0.75, 0.05, 9.0)",58.51930000000011,47.16359999999998,62.222400000000526,65.87310000000052
"(0.75, 0.05, 9.5)",59.01320000000005,45.91369999999999,62.129400000000516,65.6732000000005
"(0.75, 0.1, 1.0)",47.7823,45.715199999999975,81.31930000000007,87.82520000000024
"(0.75, 0.1, 1.5)",52.69349999999996,42.3125,81.57700000000008,86.37490000000021
"(0.75, 0.1, 2.0)",55.4208,38.66640000000003,80.4865000000001,85.0082000000002
"(0.75, 0.1, 2.5)",57.08260000000001,37.41979999999998,79.04830000000021,83.70260000000027
"(0.75, 0.1, 3.0)",56.413799999999966,36.427699999999945,77.14910000000015,82.60140000000014
"(0.75, 0.1, 3.5)",56.27830000000002,35.44119999999993,75.74010000000014,82.34660000000021
"(0.75, 0.1, 4.0)",55.30859999999994,35.780099999999955,73.10000000000029,81.20190000000028
"(0.75, 0.1, 4.5)",55.57750000000002,35.587299999999914,72.40450000000035,80.88030000000022
"(0.75, 0.1, 5.0)",56.46620000000007,35.00459999999988,70.96580000000041,80.33100000000019
"(0.75, 0.1, 5.5)",55.73729999999997,34.809799999999875,69.44640000000047,80.12620000000025
"(0.75, 0.1, 6.0)",55.411399999999944,35.39379999999993,69.01670000000057,79.33530000000029
"(0.75, 0.1, 6.5)",53.76999999999989,34.70329999999991,68.12670000000047,79.59500000000031
"(0.75, 0.1, 7.0)",53.673999999999836,34.61429999999991,66.92950000000043,79.2205000000003
"(0.75, 0.1, 7.5)",52.783299999999954,35.30169999999991,66.91590000000048,79.15940000000029
"(0.75, 0.1, 8.0)",52.79950000000007,35.21219999999991,66.3101000000005,78.62450000000031
"(0.75, 0.1, 8.5)",50.546800000000005,34.23049999999987,66.45780000000052,78.09720000000031
"(0.75, 0.1, 9.0)",49.5634,34.13379999999986,65.63720000000058,78.28100000000029
"(0.75, 0.1, 9.5)",49.01519999999998,34.332399999999886,65.39810000000057,78.0120000000003
"(0.8, 0.025, 1.0)",49.88549999999999,67.10560000000002,76.17930000000017,71.52460000000029
"(0.8, 0.025, 1.5)",57.34340000000001,66.0114,71.78620000000022,69.58300000000024
"(0.8, 0.025, 2.0)",62.92120000000006,64.91159999999999,68.03690000000029,66.99090000000034
"(0.8, 0.025, 2.5)",65.78739999999995,64.09559999999995,66.7364000000004,66.54770000000043
"(0.8, 0.025, 3.0)",67.66820000000006,64.1130999999999,65.91400000000041,65.38310000000044
"(0.8, 0.025, 3.5)",68.35699999999994,63.10579999999989,65.20140000000045,65.19530000000044
"(0.8, 0.025, 4.0)",69.14,62.35469999999994,64.32290000000047,65.00620000000046
"(0.8, 0.025, 4.5)",69.72560000000001,61.66409999999996,63.049000000000504,64.20190000000048
"(0.8, 0.025, 5.0)",69.37890000000002,60.48509999999997,62.35600000000052,63.50390000000052
"(0.8, 0.025, 5.5)",70.10949999999994,60.32909999999997,61.95740000000051,63.106000000000506
"(0.8, 0.025, 6.0)",69.45400000000001,60.26170000000004,61.959600000000506,63.19800000000051
"(0.8, 0.025, 6.5)",69.57329999999997,59.62480000000004,61.85760000000053,63.00410000000053
"(0.8, 0.025, 7.0)",69.72150000000002,60.00940000000006,62.057200000000535,62.914700000000536
"(0.8, 0.025, 7.5)",70.13109999999998,60.06670000000001,61.86140000000053,62.72150000000054
"(0.8, 0.025, 8.0)",68.30289999999988,59.93720000000002,61.762800000000524,62.33450000000054
"(0.8, 0.025, 8.5)",68.35899999999998,60.40479999999998,61.66340000000053,62.23420000000055
"(0.8, 0.025, 9.0)",68.45799999999994,60.03990000000001,61.56240000000053,62.13320000000054
"(0.8, 0.025, 9.5)",67.0644,61.152599999999936,61.56240000000053,62.037600000000545
"(0.8, 0.05, 1.0)",48.65979999999996,54.05260000000007,81.43260000000018,80.48720000000014
"(0.8, 0.05, 1.5)",55.29310000000002,53.10009999999999,78.2199000000001,77.1838000000002
"(0.8, 0.05, 2.0)",59.37350000000003,51.60859999999998,73.89230000000019,73.98150000000031
"(0.8, 0.05, 2.5)",60.791600000000024,49.944300000000005,72.15990000000026,72.86110000000038
"(0.8, 0.05, 3.0)",61.82040000000007,48.1526,70.03760000000037,71.9922000000004
"(0.8, 0.05, 3.5)",61.214000000000006,47.6496,67.5454000000004,70.52670000000037
"(0.8, 0.05, 4.0)",62.15760000000003,48.63460000000004,66.71940000000052,70.47910000000041
"(0.8, 0.05, 4.5)",62.61289999999998,47.98940000000003,65.94330000000052,70.09550000000044
"(0.8, 0.05, 5.0)",62.823999999999934,47.321600000000075,64.43370000000053,68.40720000000047
"(0.8, 0.05, 5.5)",61.65520000000001,47.336700000000015,63.70610000000055,67.80980000000046
"(0.8, 0.05, 6.0)",62.00819999999998,47.457999999999984,63.52260000000055,67.81660000000048
"(0.8, 0.05, 6.5)",61.93860000000013,47.92650000000003,62.69840000000057,67.29080000000049
"(0.8, 0.05, 7.0)",60.25919999999992,47.21330000000006,62.722800000000575,67.50100000000047
"(0.8, 0.05, 7.5)",60.23439999999999,47.58390000000005,62.58960000000055,67.1559000000005
"(0.8, 0.05, 8.0)",59.70620000000002,48.55180000000006,62.59280000000054,67.02100000000051
"(0.8, 0.05, 8.5)",60.16950000000001,47.994300000000024,62.394100000000535,67.2110000000005
"(0.8, 0.05, 9.0)",58.239100000000015,47.1978,62.389800000000534,67.0477000000005
"(0.8, 0.05, 9.5)",57.25770000000002,47.203599999999994,62.40960000000052,67.08420000000051
"(0.8, 0.1, 1.0)",48.11500000000004,45.422499999999935,81.73470000000012,88.26530000000022
"(0.8, 0.1, 1.5)",53.164499999999975,40.50740000000009,81.97580000000005,86.89720000000024
"(0.8, 0.1, 2.0)",56.36020000000007,38.50859999999999,80.48089999999998,86.41150000000022
"(0.8, 0.1, 2.5)",56.92989999999999,36.946999999999974,78.73200000000014,85.09130000000017
"(0.8, 0.1, 3.0)",56.60209999999994,35.66739999999992,78.2861000000003,84.9064000000002
"(0.8, 0.1, 3.5)",56.45379999999997,35.77399999999993,75.12650000000022,83.47450000000022
"(0.8, 0.1, 4.0)",55.36359999999998,35.69989999999993,74.17080000000034,83.03730000000022
"(0.8, 0.1, 4.5)",55.638400000000026,35.89589999999995,72.56520000000033,82.07260000000025
"(0.8, 0.1, 5.0)",55.69139999999999,35.02109999999989,71.53250000000033,81.43610000000022
"(0.8, 0.1, 5.5)",54.85219999999988,35.11619999999989,70.46700000000047,81.04210000000019
"(0.8, 0.1, 6.0)",53.898299999999956,34.69959999999987,69.68080000000056,81.10800000000022
"(0.8, 0.1, 6.5)",53.64639999999998,34.41189999999989,69.10950000000052,81.12360000000018
"(0.8, 0.1, 7.0)",52.860499999999924,35.1944999999999,67.55720000000045,80.84340000000022
"(0.8, 0.1, 7.5)",52.318599999999975,35.0024999999999,67.17740000000043,80.32390000000022
"(0.8, 0.1, 8.0)",50.462900000000026,35.20359999999991,66.8957000000005,79.73360000000024
"(0.8, 0.1, 8.5)",48.48520000000001,35.398299999999914,66.39160000000051,80.26750000000027
"(0.8, 0.1, 9.0)",48.270300000000006,35.48449999999994,65.80540000000055,79.87950000000028
"(0.8, 0.1, 9.5)",48.362999999999964,35.98279999999993,65.51100000000058,79.50100000000029
"(0.85, 0.025, 1.0)",51.03919999999999,67.31349999999998,76.25880000000015,72.0873000000004
"(0.85, 0.025, 1.5)",57.92769999999996,65.88479999999996,71.57230000000018,69.55950000000028
"(0.85, 0.025, 2.0)",63.1828,63.79649999999998,67.52790000000032,67.25590000000034
"(0.85, 0.025, 2.5)",66.33760000000004,63.78469999999993,66.61140000000039,66.69010000000041
"(0.85, 0.025, 3.0)",67.95999999999997,62.70669999999986,65.68800000000043,65.44830000000044
"(0.85, 0.025, 3.5)",69.2820000000001,60.89889999999994,65.35150000000047,65.47520000000046
"(0.85, 0.025, 4.0)",69.12319999999997,62.22309999999997,64.0415000000005,65.00690000000044
"(0.85, 0.025, 4.5)",69.23999999999995,62.43359999999994,63.034000000000525,64.48940000000047
"(0.85, 0.025, 5.0)",69.71270000000004,60.02689999999998,62.04570000000051,63.2974000000005
"(0.85, 0.025, 5.5)",70.17549999999991,60.367899999999956,62.0570000000005,63.40240000000049
"(0.85, 0.025, 6.0)",69.28809999999997,59.9279,61.93180000000052,63.292500000000516
"(0.85, 0.025, 6.5)",70.49129999999997,61.76270000000006,62.131800000000524,63.29110000000052
"(0.85, 0.025, 7.0)",71.1924999999999,59.97100000000002,61.95890000000053,63.10310000000053
"(0.85, 0.025, 7.5)",69.74680000000002,59.99190000000005,61.958900000000526,63.09080000000053
"(0.85, 0.025, 8.0)",70.49380000000001,59.20559999999998,61.662900000000526,62.88820000000054
"(0.85, 0.025, 8.5)",69.22660000000002,60.81809999999991,61.56210000000053,62.69880000000054
"(0.85, 0.025, 9.0)",67.91039999999995,62.3913999999999,61.46290000000054,62.69910000000054
"(0.85, 0.025, 9.5)",67.28829999999994,60.68349999999989,61.46550000000054,62.70860000000053
"(0.85, 0.05, 1.0)",49.43699999999995,52.701499999999974,81.47050000000006,80.78850000000016
"(0.85, 0.05, 1.5)",55.05639999999998,52.308100000000074,78.34580000000008,77.76440000000018
"(0.85, 0.05, 2.0)",59.02760000000016,50.8169,74.22460000000015,75.27850000000028
"(0.85, 0.05, 2.5)",61.10480000000013,49.60829999999996,72.09470000000029,74.08330000000032
"(0.85, 0.05, 3.0)",61.556,48.76139999999995,69.45260000000034,72.78600000000031
"(0.85, 0.05, 3.5)",61.24530000000009,48.97810000000004,68.34640000000039,72.09290000000038
"(0.85, 0.05, 4.0)",62.310899999999954,48.256600000000034,67.54020000000043,71.87330000000038
"(0.85, 0.05, 4.5)",62.5566,46.15040000000001,65.59060000000053,70.35730000000038
"(0.85, 0.05, 5.0)",61.555000000000014,46.04940000000004,64.48180000000052,69.37540000000044
"(0.85, 0.05, 5.5)",62.134399999999985,46.96080000000005,64.31920000000054,69.31840000000044
"(0.85, 0.05, 6.0)",61.29960000000002,45.80930000000002,63.854900000000534,69.10110000000046
"(0.85, 0.05, 6.5)",60.66120000000002,46.0446,63.003700000000585,69.19130000000047
"(0.85, 0.05, 7.0)",58.9449999999999,45.93090000000001,62.63570000000058,68.6088000000005
"(0.85, 0.05, 7.5)",59.12650000000003,45.5401,62.58430000000057,68.80360000000047
"(0.85, 0.05, 8.0)",58.13889999999995,45.6965,62.622100000000565,68.82550000000049
"(0.85, 0.05, 8.5)",57.70559999999997,45.78970000000001,62.49540000000055,68.7086000000005
"(0.85, 0.05, 9.0)",56.33559999999996,45.910599999999995,62.52530000000053,68.5410000000005
"(0.85, 0.05, 9.5)",55.24669999999995,46.560499999999976,62.525500000000534,68.43510000000049
"(0.85, 0.1, 1.0)",48.469700000000024,44.138699999999965,81.8658,88.59660000000018
"(0.85, 0.1, 1.5)",53.88760000000003,40.509200000000064,82.25430000000001,87.67940000000026
"(0.85, 0.1, 2.0)",56.00569999999997,37.228999999999964,80.88910000000008,86.86600000000021
"(0.85, 0.1, 2.5)",56.955400000000076,35.80249999999994,79.65030000000016,86.9571000000002
"(0.85, 0.1, 3.0)",56.04830000000001,35.37979999999993,78.42190000000026,86.13780000000021
"(0.85, 0.1, 3.5)",55.00920000000001,36.36329999999996,75.76160000000031,85.4239000000002
"(0.85, 0.1, 4.0)",54.85660000000003,36.76969999999997,74.48720000000023,85.03170000000016
"(0.85, 0.1, 4.5)",55.51680000000002,34.99659999999987,72.67780000000025,84.70270000000014
"(0.85, 0.1, 5.0)",54.767399999999974,34.70709999999987,71.61560000000041,83.17070000000018
"(0.85, 0.1, 5.5)",53.73239999999998,34.996399999999895,70.90590000000049,83.15510000000025
"(0.85, 0.1, 6.0)",53.85919999999987,34.415899999999844,70.20730000000047,83.38560000000022
"(0.85, 0.1, 6.5)",51.932100000000055,34.61959999999987,69.42120000000052,82.82670000000017
"(0.85, 0.1, 7.0)",51.39599999999999,34.03609999999985,68.41260000000054,82.37330000000023
"(0.85, 0.1, 7.5)",50.12350000000006,34.72399999999987,68.0837000000005,82.0059000000003
"(0.85, 0.1, 8.0)",48.402800000000035,34.82619999999987,67.31320000000042,82.24660000000027
"(0.85, 0.1, 8.5)",48.4385,34.82799999999989,66.6435000000005,82.14150000000026
"(0.85, 0.1, 9.0)",47.99410000000002,35.51729999999991,66.42050000000054,81.86070000000026
"(0.85, 0.1, 9.5)",48.222699999999996,35.812399999999926,65.79620000000054,82.18300000000026
"(0.9, 0.025, 1.0)",51.575500000000005,67.42020000000002,76.2885,72.15360000000037
"(0.9, 0.025, 1.5)",59.35120000000003,64.6553999999999,71.95290000000024,69.73550000000034
"(0.9, 0.025, 2.0)",63.32549999999991,63.811899999999945,67.75230000000033,67.79470000000033
"(0.9, 0.025, 2.5)",67.05899999999994,63.726299999999945,66.73350000000039,66.74140000000043
"(0.9, 0.025, 3.0)",67.9328000000001,62.17559999999995,65.93920000000044,65.95850000000044
"(0.9, 0.025, 3.5)",68.46550000000002,59.016099999999895,65.3994000000005,66.25740000000046
"(0.9, 0.025, 4.0)",68.9604,61.74899999999986,63.630200000000514,65.35440000000047
"(0.9, 0.025, 4.5)",69.36739999999985,60.25619999999996,62.74800000000054,64.6572000000005
"(0.9, 0.025, 5.0)",70.04229999999998,61.044699999999935,62.43970000000053,64.0647000000005
"(0.9, 0.025, 5.5)",69.3169,60.33639999999997,61.94580000000051,63.65960000000052
"(0.9, 0.025, 6.0)",69.05439999999993,59.78529999999999,62.04600000000052,63.65690000000052
"(0.9, 0.025, 6.5)",69.5106,60.03760000000009,62.053600000000536,63.75690000000053
"(0.9, 0.025, 7.0)",68.70929999999993,60.19030000000006,62.03460000000053,63.56100000000053
"(0.9, 0.025, 7.5)",69.0942,60.637400000000035,61.860000000000525,63.46230000000053
"(0.9, 0.025, 8.0)",69.45819999999995,58.708899999999986,61.659200000000524,62.983400000000536
"(0.9, 0.025, 8.5)",68.53510000000013,59.6937,61.46310000000053,62.887100000000544
"(0.9, 0.025, 9.0)",68.66439999999996,59.096900000000055,61.46310000000053,62.88760000000054
"(0.9, 0.025, 9.5)",68.16569999999996,59.73700000000005,61.36260000000053,62.78850000000053
"(0.9, 0.05, 1.0)",49.71079999999997,52.47430000000002,82.21250000000012,81.65690000000016
"(0.9, 0.05, 1.5)",55.53279999999993,51.928200000000004,78.71550000000012,78.15200000000021
"(0.9, 0.05, 2.0)",59.33799999999999,48.94540000000003,74.68850000000013,75.52150000000029
"(0.9, 0.05, 2.5)",60.64510000000001,48.24080000000002,72.42260000000022,74.17370000000037
"(0.9, 0.05, 3.0)",60.54469999999995,47.63829999999997,70.09980000000031,73.63560000000034
"(0.9, 0.05, 3.5)",62.08910000000003,48.248100000000065,69.26800000000044,73.27210000000035
"(0.9, 0.05, 4.0)",61.88690000000002,48.82100000000009,66.97380000000044,72.53550000000044
"(0.9, 0.05, 4.5)",61.89819999999998,48.2260000000001,66.49460000000052,71.05660000000044
"(0.9, 0.05, 5.0)",61.9143,46.79590000000007,64.67090000000051,70.52950000000044
"(0.9, 0.05, 5.5)",61.43839999999999,47.53900000000007,64.54010000000052,70.51030000000046
"(0.9, 0.05, 6.0)",59.97150000000002,46.71700000000008,64.06670000000051,69.88080000000048
"(0.9, 0.05, 6.5)",59.742299999999965,47.50150000000006,63.366000000000554,69.86810000000048
"(0.9, 0.05, 7.0)",58.83519999999998,47.008400000000044,62.97200000000056,69.74410000000049
"(0.9, 0.05, 7.5)",59.25649999999994,47.585600000000035,62.81750000000057,69.82750000000048
"(0.9, 0.05, 8.0)",58.018799999999956,46.032000000000004,62.626400000000565,69.7050000000005
"(0.9, 0.05, 8.5)",56.65520000000001,47.17240000000006,62.607000000000546,69.63000000000049
"(0.9, 0.05, 9.0)",55.8341,47.437700000000056,62.81460000000054,69.6263000000005
"(0.9, 0.05, 9.5)",54.71599999999997,47.30720000000007,62.93110000000053,69.52160000000049
"(0.9, 0.1, 1.0)",49.06619999999992,43.48429999999995,81.70769999999997,89.03300000000024
"(0.9, 0.1, 1.5)",53.68840000000003,38.18190000000006,82.4994000000001,87.6517000000002
"(0.9, 0.1, 2.0)",55.84739999999997,36.79569999999996,80.95100000000004,87.83750000000019
"(0.9, 0.1, 2.5)",56.737300000000076,36.105699999999956,79.85630000000019,87.64040000000024
"(0.9, 0.1, 3.0)",56.20600000000004,36.66979999999997,78.93470000000018,87.1046000000002
"(0.9, 0.1, 3.5)",54.21799999999994,36.46789999999997,76.7186000000002,86.90850000000025
"(0.9, 0.1, 4.0)",54.13929999999999,35.292599999999894,75.3287000000002,86.80940000000015
"(0.9, 0.1, 4.5)",54.48000000000003,34.90549999999988,73.54970000000033,85.77710000000019
"(0.9, 0.1, 5.0)",55.094199999999994,35.01139999999989,71.77590000000042,85.1870000000002
"(0.9, 0.1, 5.5)",53.34669999999996,34.71739999999988,71.49890000000043,84.63400000000016
"(0.9, 0.1, 6.0)",51.979500000000016,34.51179999999986,71.36530000000047,84.6296000000002
"(0.9, 0.1, 6.5)",50.60740000000004,34.52129999999987,70.02610000000051,84.13490000000014
"(0.9, 0.1, 7.0)",49.28280000000002,34.81669999999988,69.82350000000051,83.74870000000017
"(0.9, 0.1, 7.5)",48.74000000000007,35.3978999999999,68.8163000000005,83.25270000000022
"(0.9, 0.1, 8.0)",48.33610000000001,35.50439999999989,68.40730000000048,82.99840000000023
"(0.9, 0.1, 8.5)",48.039500000000004,35.611399999999904,67.59030000000048,82.92140000000028
"(0.9, 0.1, 9.0)",47.88709999999999,35.7171999999999,67.08020000000046,82.66870000000024
"(0.9, 0.1, 9.5)",45.72730000000009,35.51499999999992,66.44420000000054,82.6160000000002
"(0.95, 0.025, 1.0)",52.10509999999993,67.33470000000001,76.48800000000007,72.9159000000003
"(0.95, 0.025, 1.5)",60.18259999999998,64.6303,71.58530000000025,70.30730000000035
"(0.95, 0.025, 2.0)",64.41300000000005,62.827199999999955,67.99770000000034,68.07820000000038
"(0.95, 0.025, 2.5)",67.20000000000002,63.89659999999994,67.14370000000042,67.50210000000038
"(0.95, 0.025, 3.0)",68.59350000000002,61.42029999999997,66.35060000000043,66.8387000000004
"(0.95, 0.025, 3.5)",68.96099999999998,61.18219999999997,65.03550000000051,66.55220000000047
"(0.95, 0.025, 4.0)",70.10360000000001,61.37189999999991,63.786800000000525,65.54050000000049
"(0.95, 0.025, 4.5)",69.47990000000006,57.9297,62.79730000000051,64.74940000000049
"(0.95, 0.025, 5.0)",70.63940000000005,59.58809999999999,62.56510000000053,64.75720000000051
"(0.95, 0.025, 5.5)",70.029,60.05549999999998,62.14070000000052,64.5372000000005
"(0.95, 0.025, 6.0)",69.88650000000004,60.03490000000003,62.145500000000524,64.5263000000005
"(0.95, 0.025, 6.5)",68.8248,60.44220000000007,62.08660000000054,64.51990000000052
"(0.95, 0.025, 7.0)",68.6878999999999,60.723200000000055,61.986300000000526,64.22320000000052
"(0.95, 0.025, 7.5)",68.45569999999996,60.73620000000006,61.66130000000053,64.11830000000053
"(0.95, 0.025, 8.0)",68.67079999999999,61.677500000000016,61.75840000000052,64.21610000000052
"(0.95, 0.025, 8.5)",67.3056,60.27300000000001,61.56010000000053,64.30930000000052
"(0.95, 0.025, 9.0)",67.95389999999999,59.960100000000104,61.362900000000536,64.02110000000054
"(0.95, 0.025, 9.5)",67.40549999999988,60.26720000000011,61.36280000000053,64.02130000000054
"(0.95, 0.05, 1.0)",50.311600000000034,51.168900000000015,82.39020000000002,81.91990000000017
"(0.95, 0.05, 1.5)",56.313600000000065,49.93350000000001,79.19840000000016,79.0211000000002
"(0.95, 0.05, 2.0)",59.72650000000005,46.97620000000007,74.81570000000028,76.8815000000003
"(0.95, 0.05, 2.5)",60.46319999999994,46.68150000000002,73.6396000000002,75.27680000000026
"(0.95, 0.05, 3.0)",60.60729999999994,48.443100000000065,70.20220000000033,74.01060000000037
"(0.95, 0.05, 3.5)",61.84290000000011,48.58770000000003,69.5269000000004,73.80160000000036
"(0.95, 0.05, 4.0)",61.84140000000004,47.954500000000074,67.4894000000004,72.84330000000044
"(0.95, 0.05, 4.5)",61.35410000000004,45.522500000000065,66.07300000000052,71.35730000000046
"(0.95, 0.05, 5.0)",61.33270000000006,47.480000000000125,65.41750000000056,70.98690000000045
"(0.95, 0.05, 5.5)",59.735699999999994,47.811600000000105,64.80410000000055,71.03270000000046
"(0.95, 0.05, 6.0)",60.45440000000005,46.65740000000015,64.14580000000053,71.05700000000046
"(0.95, 0.05, 6.5)",58.66830000000004,47.234200000000094,63.85930000000054,71.25370000000044
"(0.95, 0.05, 7.0)",58.15390000000004,47.52090000000012,63.53260000000055,71.17560000000047
"(0.95, 0.05, 7.5)",57.67679999999993,46.659800000000075,63.02840000000056,70.5391000000005
"(0.95, 0.05, 8.0)",55.810400000000016,48.009800000000105,62.816100000000574,70.71970000000051
"(0.95, 0.05, 8.5)",55.15499999999995,47.70410000000012,62.832600000000554,70.5752000000005
"(0.95, 0.05, 9.0)",54.83239999999994,48.46660000000009,63.193400000000544,70.7432000000005
"(0.95, 0.05, 9.5)",54.1690999999999,47.22020000000007,63.100400000000526,70.66720000000049
"(0.95, 0.1, 1.0)",49.420399999999944,41.45320000000004,82.05050000000013,89.73110000000017
"(0.95, 0.1, 1.5)",53.830800000000075,36.878099999999996,82.53119999999998,88.80270000000021
"(0.95, 0.1, 2.0)",56.1749,37.03269999999997,81.46310000000007,88.79810000000022
"(0.95, 0.1, 2.5)",55.6635000000001,35.734799999999915,80.66130000000004,88.95150000000015
"(0.95, 0.1, 3.0)",55.43780000000001,35.97979999999996,78.86240000000018,87.40670000000006
"(0.95, 0.1, 3.5)",54.49670000000001,35.01009999999991,77.49260000000015,87.95970000000011
"(0.95, 0.1, 4.0)",54.38870000000003,35.20279999999992,75.37680000000024,87.59980000000014
"(0.95, 0.1, 4.5)",54.75010000000004,35.50359999999988,74.3184000000003,86.19130000000015
"(0.95, 0.1, 5.0)",53.4072,35.0095999999999,73.03640000000033,85.75920000000016
"(0.95, 0.1, 5.5)",51.96019999999994,34.70619999999986,71.75320000000039,85.80920000000017
"(0.95, 0.1, 6.0)",50.40700000000001,34.22789999999984,71.65160000000044,85.89330000000012
"(0.95, 0.1, 6.5)",49.92750000000003,33.84339999999982,71.61990000000047,85.60730000000017
"(0.95, 0.1, 7.0)",48.7621,34.03629999999983,70.63900000000051,85.54070000000017
"(0.95, 0.1, 7.5)",47.7526,34.232899999999844,69.78290000000054,84.9999000000002
"(0.95, 0.1, 8.0)",47.06849999999999,34.72509999999984,68.94930000000048,84.78540000000022
"(0.95, 0.1, 8.5)",46.87609999999998,35.71239999999988,68.66900000000047,84.57220000000018
"(0.95, 0.1, 9.0)",45.49470000000002,35.22369999999988,67.66420000000048,84.11470000000017
"(0.95, 0.1, 9.5)",44.59040000000005,34.923999999999886,67.2328000000005,84.16830000000016
