,OpALStar/BanditTaskLargeSparse,OpALPlus/BanditTaskLargeSparse,OpALStar/BanditTaskSmallRich,OpALPlus/BanditTaskSmallRich
"(0.5, 0.025, 1.0)",78.99387000000006,70.92671999999997,171.1477999999998,183.77350000000007
"(0.5, 0.025, 1.5)",79.85731000000004,74.23007000000007,165.31387000000004,175.78028000000043
"(0.5, 0.025, 2.0)",79.36233000000016,76.77455999999994,163.79916000000014,168.14667000000014
"(0.5, 0.025, 2.5)",78.63918999999991,76.94577000000011,161.38026000000005,163.5800499999996
"(0.5, 0.025, 3.0)",80.072,78.19864999999987,161.82282999999953,162.81678999999986
"(0.5, 0.025, 3.5)",78.50216000000002,78.1470900000001,161.7966600000001,161.70273000000017
"(0.5, 0.025, 4.0)",79.70417000000012,78.1190199999999,158.20206000000016,157.54700999999991
"(0.5, 0.025, 4.5)",79.48698999999989,77.98901999999994,158.3344100000006,157.33840000000043
"(0.5, 0.025, 5.0)",81.91149000000007,78.458,158.10873999999916,157.0029999999993
"(0.5, 0.025, 5.5)",79.94280999999998,78.31125000000006,158.50532999999984,157.17071999999987
"(0.5, 0.025, 6.0)",79.39774999999996,78.64138000000004,157.10399000000072,156.2618300000007
"(0.5, 0.025, 6.5)",80.3293899999999,78.16862999999995,157.9675700000003,156.8814100000002
"(0.5, 0.025, 7.0)",80.00714,79.13896999999993,158.03533999999965,157.13833999999966
"(0.5, 0.025, 7.5)",80.35406000000003,78.62651999999979,157.56980999999976,156.67278999999968
"(0.5, 0.025, 8.0)",79.13296999999997,79.76827000000003,158.29577999999995,157.39987999999994
"(0.5, 0.025, 8.5)",79.55106,79.02683999999996,157.5057299999991,156.49057999999917
"(0.5, 0.025, 9.0)",79.40450999999985,77.91169999999993,157.63350999999915,156.73526999999913
"(0.5, 0.025, 9.5)",78.56576000000013,78.56500000000003,157.1316199999996,156.2302399999996
"(0.5, 0.025, 10.0)",79.2048299999999,78.02471000000006,157.36459999999974,156.4633399999997
"(0.5, 0.05, 1.0)",102.59760000000004,71.75547000000005,189.24933999999985,189.71086000000003
"(0.5, 0.05, 1.5)",103.84782000000001,79.41459000000009,181.4989999999998,188.28655000000006
"(0.5, 0.05, 2.0)",108.6910599999999,86.09755999999999,176.49361000000022,180.68122000000002
"(0.5, 0.05, 2.5)",107.52312000000002,90.18772000000006,172.88520999999997,174.40761
"(0.5, 0.05, 3.0)",105.36944000000004,93.21138999999981,174.08406,172.33856000000003
"(0.5, 0.05, 3.5)",105.28697999999999,94.59532,171.26712000000006,169.83133000000035
"(0.5, 0.05, 4.0)",105.45180000000006,97.3471400000001,168.6562800000003,164.79509999999996
"(0.5, 0.05, 4.5)",106.45750000000004,98.39993000000003,167.52338000000043,164.12642000000073
"(0.5, 0.05, 5.0)",106.88981999999997,98.76429,166.7969699999992,161.61663999999902
"(0.5, 0.05, 5.5)",104.87033999999993,101.10082999999999,166.10469999999987,160.74210999999977
"(0.5, 0.05, 6.0)",105.34637,100.3952400000001,165.20583000000062,160.31696000000068
"(0.5, 0.05, 6.5)",106.67651000000001,101.50986999999985,165.9960400000002,160.49185000000006
"(0.5, 0.05, 7.0)",107.28650000000019,102.01191000000001,166.53892999999962,160.77155999999965
"(0.5, 0.05, 7.5)",104.89880999999986,102.57243000000003,165.88843999999943,160.10010999999963
"(0.5, 0.05, 8.0)",104.07053000000012,101.51706999999989,165.43544999999975,159.03895999999992
"(0.5, 0.05, 8.5)",103.12302000000005,101.15032999999988,165.66147999999916,159.4131199999991
"(0.5, 0.05, 9.0)",105.51558999999997,102.42457000000009,165.91313999999915,159.8733499999992
"(0.5, 0.05, 9.5)",104.3850900000001,100.31582000000002,166.2611599999992,160.10362999999938
"(0.5, 0.05, 10.0)",105.08886000000011,100.33550999999991,166.46149999999963,160.3297599999997
"(0.5, 0.1, 1.0)",115.02371000000007,63.44791000000003,202.07739000000024,168.28858999999997
"(0.5, 0.1, 1.5)",115.53660999999995,74.09321999999999,204.91689999999997,180.18161000000018
"(0.5, 0.1, 2.0)",113.08619999999983,82.85783000000009,204.01256000000018,186.62454999999986
"(0.5, 0.1, 2.5)",118.31376000000012,91.20486999999999,201.52979000000005,185.29625999999985
"(0.5, 0.1, 3.0)",116.82811000000004,96.48877000000002,202.0997299999996,185.52498000000017
"(0.5, 0.1, 3.5)",117.43734000000012,101.91119000000015,201.54502000000016,184.01929999999982
"(0.5, 0.1, 4.0)",115.04785000000008,105.6355799999999,199.50877999999972,178.73968999999974
"(0.5, 0.1, 4.5)",112.96728999999988,109.91549000000005,199.0984300000007,175.92141000000015
"(0.5, 0.1, 5.0)",115.02676000000001,110.38265,197.83845999999934,171.8724599999993
"(0.5, 0.1, 5.5)",115.71842000000008,111.33960000000005,198.07674999999995,170.79363999999967
"(0.5, 0.1, 6.0)",115.01171000000016,113.73444,198.4975300000007,170.83097000000055
"(0.5, 0.1, 6.5)",118.27854999999995,113.12359999999981,197.91230000000047,170.65838000000068
"(0.5, 0.1, 7.0)",116.44584000000005,113.62704999999991,197.63338999999965,169.2288200000002
"(0.5, 0.1, 7.5)",114.34242999999992,112.93122000000001,196.76011999999892,168.69665999999947
"(0.5, 0.1, 8.0)",113.25191000000004,114.46513999999998,197.01597999999922,168.32870999999957
"(0.5, 0.1, 8.5)",114.17196000000001,116.35455999999992,196.48768999999876,167.00292999999914
"(0.5, 0.1, 9.0)",116.69917000000002,114.71524000000018,195.91891999999905,166.34933999999927
"(0.5, 0.1, 9.5)",112.45147000000003,115.68735999999976,196.3038599999995,166.0751299999994
"(0.5, 0.1, 10.0)",112.02843999999988,116.1168500000001,196.2910799999994,165.6403099999994
"(0.55, 0.025, 1.0)",81.07242999999998,74.49646999999993,169.75730999999982,181.97175000000007
"(0.55, 0.025, 1.5)",82.11415000000007,77.98745999999998,165.94311000000008,173.3838799999998
"(0.55, 0.025, 2.0)",81.46946000000008,78.90381000000001,164.08727999999982,166.10739999999976
"(0.55, 0.025, 2.5)",82.13880999999998,79.54373000000015,162.13667000000004,163.86384000000035
"(0.55, 0.025, 3.0)",83.77751000000008,80.18258000000002,161.18109000000013,161.52434000000036
"(0.55, 0.025, 3.5)",84.1930200000001,79.95920999999996,159.25192999999987,159.05986999999962
"(0.55, 0.025, 4.0)",81.89647000000008,80.94868999999998,159.13452000000015,158.49453999999994
"(0.55, 0.025, 4.5)",81.56605999999981,80.26307999999995,158.6472499999994,157.81836999999922
"(0.55, 0.025, 5.0)",82.26829000000001,80.64114000000004,157.99554999999992,156.59352000000004
"(0.55, 0.025, 5.5)",81.55455,81.59531000000003,156.7030300000007,155.8550800000008
"(0.55, 0.025, 6.0)",82.53480000000002,81.2804499999999,157.94289000000052,156.84832000000043
"(0.55, 0.025, 6.5)",82.31284999999997,81.60206000000001,157.55170999999967,156.64762999999968
"(0.55, 0.025, 7.0)",82.00012000000011,82.00815999999999,157.74932999999993,156.8497399999999
"(0.55, 0.025, 7.5)",81.21497999999995,80.95621000000004,157.75890999999987,156.69338999999985
"(0.55, 0.025, 8.0)",83.3816399999999,81.47953,157.10434999999913,156.1948899999991
"(0.55, 0.025, 8.5)",81.54740000000001,80.90567000000011,157.53518999999926,156.50757999999922
"(0.55, 0.025, 9.0)",82.79603000000009,80.46279000000007,157.28634999999963,156.2590699999997
"(0.55, 0.025, 9.5)",81.6135300000001,79.86944000000008,157.61729999999972,156.7043699999997
"(0.55, 0.025, 10.0)",82.12497999999997,78.87519000000005,158.11653999999965,157.20690999999965
"(0.55, 0.05, 1.0)",106.44508999999994,75.56353999999993,189.34708000000018,189.97401999999994
"(0.55, 0.05, 1.5)",107.21327999999993,85.61861000000002,182.50401000000036,188.29976000000016
"(0.55, 0.05, 2.0)",110.40064999999997,91.60584000000004,179.39291999999975,180.49686000000003
"(0.55, 0.05, 2.5)",109.99815000000004,95.00389999999999,176.64003999999971,176.90541000000005
"(0.55, 0.05, 3.0)",107.66187999999994,97.86184999999996,174.36047000000016,172.05430000000015
"(0.55, 0.05, 3.5)",104.96938999999999,100.6826199999999,171.75505999999956,168.27364999999966
"(0.55, 0.05, 4.0)",106.66597000000014,101.71164999999992,173.12549000000053,168.33156000000037
"(0.55, 0.05, 4.5)",110.48321999999996,102.95605,170.10545999999917,162.7315199999991
"(0.55, 0.05, 5.0)",109.11934000000012,104.67228000000014,170.16821999999968,162.2170499999999
"(0.55, 0.05, 5.5)",105.77020000000002,105.44661000000005,169.25484000000054,161.1611000000008
"(0.55, 0.05, 6.0)",110.16249999999987,107.01813999999996,169.78118000000052,161.3230200000003
"(0.55, 0.05, 6.5)",111.59030999999989,106.01843999999996,169.20295999999925,160.4174899999993
"(0.55, 0.05, 7.0)",109.37275,103.74063000000002,169.07411999999974,159.96650999999983
"(0.55, 0.05, 7.5)",108.62241000000007,104.94849000000006,168.2521899999997,159.58630999999997
"(0.55, 0.05, 8.0)",107.59736000000012,106.39763,168.786379999999,159.93422999999902
"(0.55, 0.05, 8.5)",107.07344000000002,106.61583999999999,168.62933999999927,159.92591999999917
"(0.55, 0.05, 9.0)",107.19054000000001,106.83190999999981,168.53410999999946,159.89218999999937
"(0.55, 0.05, 9.5)",107.39652000000014,107.44117000000018,168.94811999999953,159.98958999999965
"(0.55, 0.05, 10.0)",105.42915000000002,107.02559000000012,168.50973999999945,159.8361599999995
"(0.55, 0.1, 1.0)",115.18439000000009,66.84962000000002,203.1461399999999,170.00690000000012
"(0.55, 0.1, 1.5)",114.62836000000007,79.14146000000007,206.0286499999999,182.58884000000015
"(0.55, 0.1, 2.0)",114.2248499999999,90.07555999999981,206.40190000000055,187.3304600000001
"(0.55, 0.1, 2.5)",116.57569999999988,96.40857999999997,205.38289000000003,186.54470999999992
"(0.55, 0.1, 3.0)",112.9153600000001,104.12360000000012,206.25445000000033,187.86872000000028
"(0.55, 0.1, 3.5)",112.68132000000004,107.6277100000001,204.19086999999942,182.46726000000015
"(0.55, 0.1, 4.0)",113.97702999999998,110.81499000000008,204.6655000000004,180.22207999999986
"(0.55, 0.1, 4.5)",117.5454200000001,112.84498000000006,202.27819999999934,175.65216999999973
"(0.55, 0.1, 5.0)",117.09807999999995,114.16892000000001,200.89874999999964,172.71986999999973
"(0.55, 0.1, 5.5)",118.51158999999987,115.49918999999991,201.66135000000062,172.11180000000053
"(0.55, 0.1, 6.0)",112.11212000000008,113.01031999999981,202.69732000000118,171.2119400000007
"(0.55, 0.1, 6.5)",112.44214000000017,116.45804000000007,202.2417499999995,170.14369999999985
"(0.55, 0.1, 7.0)",113.48393000000009,115.16349000000008,202.6940399999991,170.1937399999996
"(0.55, 0.1, 7.5)",111.08102999999993,116.65707999999981,202.99535999999912,169.49809999999957
"(0.55, 0.1, 8.0)",109.34714000000002,116.29570000000018,202.74630999999897,167.44677999999917
"(0.55, 0.1, 8.5)",111.23082000000005,116.46931000000005,202.16753999999895,167.4690999999992
"(0.55, 0.1, 9.0)",111.0977000000001,116.79871999999989,202.51745999999926,167.91053999999946
"(0.55, 0.1, 9.5)",111.87774999999988,116.01759999999989,202.1064399999995,166.95824999999965
"(0.55, 0.1, 10.0)",110.23552000000016,116.71405999999993,201.70948999999925,165.8995499999995
"(0.6, 0.025, 1.0)",83.01937000000004,77.41940000000008,168.70189999999985,181.53392999999994
"(0.6, 0.025, 1.5)",84.94281000000001,80.49748000000004,168.80457000000013,173.3912299999995
"(0.6, 0.025, 2.0)",84.45449000000004,82.52455000000012,165.81239000000002,166.22020000000023
"(0.6, 0.025, 2.5)",85.11363000000011,82.84121000000002,163.3477399999996,163.7645500000001
"(0.6, 0.025, 3.0)",84.62432000000014,83.0308099999999,161.0359799999997,161.7991599999996
"(0.6, 0.025, 3.5)",84.71538999999993,81.70620999999991,159.86856000000037,158.76535000000024
"(0.6, 0.025, 4.0)",84.62696,82.56796000000008,159.2151399999999,157.954
"(0.6, 0.025, 4.5)",85.7281799999999,82.98810999999996,158.55295000000007,157.09295999999998
"(0.6, 0.025, 5.0)",84.60940000000001,82.91869000000008,157.5308600000007,156.10040000000075
"(0.6, 0.025, 5.5)",84.65366,83.56976000000004,158.34675000000058,157.09835000000052
"(0.6, 0.025, 6.0)",84.30875000000012,83.34861000000008,157.6035999999997,156.54880999999963
"(0.6, 0.025, 6.5)",84.43048999999995,83.21200000000012,157.8507199999999,156.6170499999999
"(0.6, 0.025, 7.0)",84.30358,83.93808000000008,158.75631999999916,157.36238999999912
"(0.6, 0.025, 7.5)",83.81301000000006,85.01469999999995,157.54895999999908,156.63483999999903
"(0.6, 0.025, 8.0)",83.38932000000014,82.66322000000002,157.84275999999954,156.92999999999952
"(0.6, 0.025, 8.5)",83.41772999999988,83.09435000000002,157.05272999999974,156.26169999999962
"(0.6, 0.025, 9.0)",83.34909999999998,82.83129999999994,157.53435999999974,156.74364999999972
"(0.6, 0.025, 9.5)",83.53432999999991,83.09200000000001,157.7814499999996,156.9910399999996
"(0.6, 0.025, 10.0)",83.01892999999993,83.82431000000008,157.27970000000002,156.48971
"(0.6, 0.05, 1.0)",110.75340000000003,80.2588800000001,191.42505,191.39656000000008
"(0.6, 0.05, 1.5)",109.11987,90.62271000000013,184.99216,188.06329999999983
"(0.6, 0.05, 2.0)",113.13174999999991,97.54071999999996,180.30171999999988,180.00855999999982
"(0.6, 0.05, 2.5)",111.60749999999997,99.72501,179.88796999999963,177.59864
"(0.6, 0.05, 3.0)",111.70283999999994,103.97584999999994,177.1898399999998,172.64546999999982
"(0.6, 0.05, 3.5)",109.0708000000001,106.71250999999987,176.18341000000058,168.56191000000047
"(0.6, 0.05, 4.0)",111.35909000000004,105.3283899999999,174.10445999999942,165.93735999999964
"(0.6, 0.05, 4.5)",111.02012000000006,108.05537000000004,171.59823000000011,163.72248999999994
"(0.6, 0.05, 5.0)",111.43179000000002,109.03385000000013,171.81557000000078,162.78065000000066
"(0.6, 0.05, 5.5)",110.09510999999992,106.65731000000001,172.03597000000028,162.51980000000017
"(0.6, 0.05, 6.0)",112.7133099999998,107.31026000000006,172.36913999999908,160.91543999999936
"(0.6, 0.05, 6.5)",113.42667,109.51414999999989,172.67826999999951,161.32832999999965
"(0.6, 0.05, 7.0)",112.30457000000001,110.96123999999999,172.75767999999928,160.97034999999929
"(0.6, 0.05, 7.5)",113.59772999999981,110.01393000000003,172.12055999999902,160.67606999999896
"(0.6, 0.05, 8.0)",109.91012999999994,110.6779199999998,171.67376999999934,160.5926899999994
"(0.6, 0.05, 8.5)",110.12152,111.84304000000019,171.85236999999958,160.6087399999996
"(0.6, 0.05, 9.0)",109.87606999999994,110.78615000000003,172.0573099999995,160.44774999999964
"(0.6, 0.05, 9.5)",110.17646000000003,111.09022000000012,171.67573999999925,160.2735899999995
"(0.6, 0.05, 10.0)",111.51818999999995,110.08538000000003,171.95254999999997,160.05048000000014
"(0.6, 0.1, 1.0)",116.45803000000018,71.1163299999999,205.09672999999984,171.30544
"(0.6, 0.1, 1.5)",114.4135899999999,85.24614,207.90610999999987,184.7384299999999
"(0.6, 0.1, 2.0)",112.52433999999992,94.91279000000006,209.41677999999968,188.0701299999999
"(0.6, 0.1, 2.5)",114.29686999999981,104.50339000000001,209.56081999999972,190.06001000000015
"(0.6, 0.1, 3.0)",115.06286000000011,107.77204000000008,208.07472999999962,188.9510500000001
"(0.6, 0.1, 3.5)",118.23365000000001,112.36780999999992,206.70211000000057,184.2676299999999
"(0.6, 0.1, 4.0)",115.11811000000017,114.51189000000008,206.15514999999937,179.81228999999996
"(0.6, 0.1, 4.5)",110.82444999999987,114.8432600000001,203.22231000000002,176.93572999999964
"(0.6, 0.1, 5.0)",115.92295999999997,115.47819999999993,205.84938000000074,175.29344000000052
"(0.6, 0.1, 5.5)",113.13545999999991,114.80611999999981,205.9427200000008,174.56711000000047
"(0.6, 0.1, 6.0)",111.01803999999983,116.76247000000008,204.6726499999995,171.5220799999998
"(0.6, 0.1, 6.5)",111.86724000000002,115.6429100000001,205.7353999999993,171.01158999999961
"(0.6, 0.1, 7.0)",111.68652999999995,116.55905000000008,206.13641999999905,171.14389999999906
"(0.6, 0.1, 7.5)",111.92950999999995,115.61926999999991,205.13586999999933,168.88118999999926
"(0.6, 0.1, 8.0)",113.6623200000001,114.31418000000012,204.69898999999927,167.75588999999943
"(0.6, 0.1, 8.5)",112.77343999999995,116.35700999999997,205.18842999999924,167.27313999999933
"(0.6, 0.1, 9.0)",114.34648999999999,117.26665000000007,205.2029499999994,167.10608999999948
"(0.6, 0.1, 9.5)",114.95290999999999,116.00694999999992,204.83923999999908,165.94077999999922
"(0.6, 0.1, 10.0)",114.35621000000003,113.71346000000001,205.7202699999996,166.94727999999964
"(0.65, 0.025, 1.0)",85.88469999999997,79.97137999999995,169.7066499999999,182.7257299999998
"(0.65, 0.025, 1.5)",88.07813999999999,83.44122999999996,168.50105,174.16910000000007
"(0.65, 0.025, 2.0)",86.16924999999989,85.19568999999997,164.6572099999998,167.25620999999995
"(0.65, 0.025, 2.5)",88.34149000000002,85.23962999999989,163.4636700000003,163.58435000000023
"(0.65, 0.025, 3.0)",87.06611999999988,85.13682999999995,160.93315,160.54358999999943
"(0.65, 0.025, 3.5)",87.48293000000004,85.12719000000003,159.2800500000001,158.45606000000038
"(0.65, 0.025, 4.0)",87.26078999999999,85.80278000000011,158.63162999999952,157.82790999999946
"(0.65, 0.025, 4.5)",85.82060000000014,85.52839000000006,158.45963000000057,157.17572000000055
"(0.65, 0.025, 5.0)",86.11764999999994,86.90723000000008,158.36196000000018,157.0124100000002
"(0.65, 0.025, 5.5)",88.18315999999994,85.59235999999986,158.6279399999996,157.27296999999962
"(0.65, 0.025, 6.0)",87.0549600000001,87.35994999999994,158.34886999999986,156.87383999999994
"(0.65, 0.025, 6.5)",85.87294000000013,86.16373,159.07445999999905,157.55142999999907
"(0.65, 0.025, 7.0)",87.4221599999999,86.46558999999995,158.3206099999991,156.8735799999992
"(0.65, 0.025, 7.5)",86.46977999999999,86.33051,157.86471999999958,156.40636999999958
"(0.65, 0.025, 8.0)",86.32223000000008,85.30887999999996,157.65635999999967,156.20194999999964
"(0.65, 0.025, 8.5)",86.87656999999994,86.18656999999992,158.0299899999996,156.75803999999957
"(0.65, 0.025, 9.0)",86.01785000000007,87.94509000000006,158.1895799999996,156.75612999999962
"(0.65, 0.025, 9.5)",87.26499000000015,86.89514000000004,157.9585100000001,156.52671000000004
"(0.65, 0.025, 10.0)",85.99729999999987,85.98337999999981,157.96946000000008,156.29161000000005
"(0.65, 0.05, 1.0)",112.63717000000017,85.87779000000013,193.1119600000002,194.07571000000019
"(0.65, 0.05, 1.5)",111.45712000000003,96.10152999999994,185.9497899999999,188.86443000000017
"(0.65, 0.05, 2.0)",113.2057499999999,101.86192000000001,183.81491999999986,182.14707999999987
"(0.65, 0.05, 2.5)",112.63934999999998,106.20365999999996,180.8940800000005,178.55234000000002
"(0.65, 0.05, 3.0)",112.09377999999992,108.14953000000001,179.57180999999983,172.76823999999954
"(0.65, 0.05, 3.5)",115.07590999999998,110.09638999999997,177.46119000000007,169.7833600000005
"(0.65, 0.05, 4.0)",113.95378999999998,108.97436000000005,177.2396599999992,167.15183999999925
"(0.65, 0.05, 4.5)",112.21608999999998,111.08603999999997,176.93517000000062,165.16625000000042
"(0.65, 0.05, 5.0)",114.69847999999995,112.58708000000007,177.56849000000048,164.66104000000033
"(0.65, 0.05, 5.5)",113.82840999999989,112.19305000000007,177.06851999999924,162.77146999999943
"(0.65, 0.05, 6.0)",110.65310999999983,110.04544999999995,177.73027999999928,162.45075999999975
"(0.65, 0.05, 6.5)",110.36206999999996,113.24021999999998,177.04584999999923,162.31435999999928
"(0.65, 0.05, 7.0)",110.26641999999977,111.77257999999992,177.06067999999905,161.17158999999901
"(0.65, 0.05, 7.5)",109.99513,113.69974000000003,176.7199699999992,160.6527399999993
"(0.65, 0.05, 8.0)",110.44816000000003,112.36882000000003,176.38330999999954,160.26621999999972
"(0.65, 0.05, 8.5)",110.50639000000002,114.89692000000012,176.58290999999943,160.32208999999966
"(0.65, 0.05, 9.0)",112.09249999999984,113.03676999999999,176.5985999999994,160.63618999999954
"(0.65, 0.05, 9.5)",112.95087999999998,113.49447000000006,175.87305999999998,160.31552000000016
"(0.65, 0.05, 10.0)",112.44129999999987,113.54571000000007,175.9565400000001,160.0396100000001
"(0.65, 0.1, 1.0)",115.08238000000009,75.16901,205.31397000000027,173.19370999999987
"(0.65, 0.1, 1.5)",113.6191499999999,90.18696000000004,208.54346999999993,185.5249400000001
"(0.65, 0.1, 2.0)",115.57288999999984,102.06532999999997,209.1459900000002,189.6192100000003
"(0.65, 0.1, 2.5)",112.08938999999991,108.37130000000002,210.14794000000026,191.77568999999977
"(0.65, 0.1, 3.0)",115.02093,110.80012,209.26381000000006,190.21956999999964
"(0.65, 0.1, 3.5)",112.96249999999993,115.79332000000007,208.61226000000065,185.48988
"(0.65, 0.1, 4.0)",113.95959999999987,115.87476000000005,206.5805299999997,181.21275999999975
"(0.65, 0.1, 4.5)",110.63372999999997,115.83605999999996,207.22902000000025,179.7053400000003
"(0.65, 0.1, 5.0)",110.81066999999994,113.64301999999998,206.04467000000025,177.05632000000037
"(0.65, 0.1, 5.5)",111.91721000000004,116.79744000000008,206.6806399999993,174.59198999999984
"(0.65, 0.1, 6.0)",111.72137999999994,117.56950999999988,207.21755999999917,174.12381999999937
"(0.65, 0.1, 6.5)",108.73741999999997,113.46572000000005,207.24382999999904,172.48075999999895
"(0.65, 0.1, 7.0)",109.15612000000006,114.68422000000004,207.15032999999914,170.8162799999994
"(0.65, 0.1, 7.5)",108.05657999999995,114.37077000000004,207.02922999999942,170.58369999999957
"(0.65, 0.1, 8.0)",109.12703999999984,115.14543999999987,207.01998999999932,169.70895999999928
"(0.65, 0.1, 8.5)",109.24477999999999,113.76512999999993,207.36534999999924,169.25849999999937
"(0.65, 0.1, 9.0)",108.97017999999998,116.33832999999996,207.08673999999894,168.0411799999993
"(0.65, 0.1, 9.5)",107.1624499999999,115.03903,207.01397999999975,167.67571999999996
"(0.65, 0.1, 10.0)",106.72039000000004,113.31209,207.63182999999964,167.38484999999974
"(0.7, 0.025, 1.0)",88.96717,83.82676000000004,169.56225999999975,182.50260999999966
"(0.7, 0.025, 1.5)",90.52035000000002,86.77895999999993,168.71596000000017,172.40374000000014
"(0.7, 0.025, 2.0)",88.84473999999997,87.63741999999993,166.69261999999975,168.40089000000003
"(0.7, 0.025, 2.5)",89.47222000000001,88.16293999999992,164.29214000000027,163.7442900000002
"(0.7, 0.025, 3.0)",86.82814999999994,86.87513999999999,162.65778000000032,161.61278000000033
"(0.7, 0.025, 3.5)",88.11920000000002,88.30088,159.41107999999954,158.4366399999997
"(0.7, 0.025, 4.0)",86.94242999999994,86.96234000000001,158.89928000000043,156.73135000000036
"(0.7, 0.025, 4.5)",85.54431999999998,87.44846000000007,159.73615000000018,157.49549000000016
"(0.7, 0.025, 5.0)",85.09326,87.57096000000007,160.28004999999965,157.76645999999988
"(0.7, 0.025, 5.5)",86.95508000000017,89.20136000000014,158.60016000000005,156.41965000000013
"(0.7, 0.025, 6.0)",86.92308999999989,87.71447999999994,159.5927199999991,157.58903999999916
"(0.7, 0.025, 6.5)",88.49329000000016,89.58715000000002,158.82021999999898,156.65579999999895
"(0.7, 0.025, 7.0)",87.90138999999996,88.45220999999997,158.86601999999957,156.83871999999968
"(0.7, 0.025, 7.5)",88.6626,89.6271799999999,158.8425999999997,156.63799999999972
"(0.7, 0.025, 8.0)",88.31326999999997,89.70623000000005,158.88187999999954,156.7099199999995
"(0.7, 0.025, 8.5)",88.7475699999999,88.24120000000022,159.10456999999985,156.93248999999986
"(0.7, 0.025, 9.0)",88.63521000000004,90.07530999999993,159.0249799999999,156.94781999999992
"(0.7, 0.025, 9.5)",87.24168999999995,89.83743,158.48916000000003,156.22032000000002
"(0.7, 0.025, 10.0)",88.1804,87.94743000000008,158.30896000000007,156.03986
"(0.7, 0.05, 1.0)",114.03919999999995,91.16315999999999,196.17001999999985,196.0229400000003
"(0.7, 0.05, 1.5)",117.53718999999995,100.91989999999991,190.2608700000003,191.14651000000038
"(0.7, 0.05, 2.0)",116.75505000000003,107.17688999999987,185.45901999999975,184.24694000000025
"(0.7, 0.05, 2.5)",117.858,109.77594000000002,184.14458999999982,179.7390800000006
"(0.7, 0.05, 3.0)",118.21362000000008,113.01916999999996,182.42619000000064,173.9072100000006
"(0.7, 0.05, 3.5)",118.42397000000015,111.72321999999983,180.6605799999991,170.37274999999943
"(0.7, 0.05, 4.0)",115.82843000000001,113.12124000000003,181.09398000000027,167.61900000000034
"(0.7, 0.05, 4.5)",117.70656999999996,115.42758000000008,180.62284000000048,166.6276700000006
"(0.7, 0.05, 5.0)",116.21180000000021,112.90598000000011,181.22013999999953,164.65709999999982
"(0.7, 0.05, 5.5)",112.29412000000008,111.42866000000012,181.0800899999993,164.35252999999952
"(0.7, 0.05, 6.0)",114.24672000000001,114.16103999999996,181.55723999999927,163.90216999999916
"(0.7, 0.05, 6.5)",115.72779999999995,114.65397999999982,181.33258999999904,162.05902999999896
"(0.7, 0.05, 7.0)",116.30773999999988,113.40437000000014,181.31843999999924,161.54199999999932
"(0.7, 0.05, 7.5)",114.52432999999998,115.17863000000011,180.44720999999947,160.9766699999995
"(0.7, 0.05, 8.0)",114.49598000000023,113.64068000000009,180.74612999999948,160.72472999999968
"(0.7, 0.05, 8.5)",112.29066,118.89153999999994,180.67747000000003,159.98932000000013
"(0.7, 0.05, 9.0)",112.15549000000009,115.71501999999991,180.68998999999997,159.69842000000008
"(0.7, 0.05, 9.5)",111.75485999999995,117.74634000000012,181.21036000000012,159.90788
"(0.7, 0.05, 10.0)",113.11440999999988,115.39006999999992,180.78426999999996,160.10331000000008
"(0.7, 0.1, 1.0)",110.64950999999998,79.54420000000005,205.99279999999996,173.79826999999997
"(0.7, 0.1, 1.5)",115.91459999999996,94.70055,209.15693000000022,186.63199000000006
"(0.7, 0.1, 2.0)",113.32973000000013,105.6386900000001,209.94834999999958,191.06618
"(0.7, 0.1, 2.5)",113.00419000000011,109.02330000000002,210.1970999999998,193.25307999999978
"(0.7, 0.1, 3.0)",113.09327000000002,113.53165000000023,209.5144100000007,191.9473400000002
"(0.7, 0.1, 3.5)",113.88988000000003,113.55150999999992,209.09199999999996,187.09449000000012
"(0.7, 0.1, 4.0)",113.31649999999993,112.11787000000015,208.42220000000052,183.16713999999996
"(0.7, 0.1, 4.5)",109.02321999999991,114.01798000000002,208.64351000000048,181.77383000000003
"(0.7, 0.1, 5.0)",111.8873200000001,110.56860999999999,208.3565699999996,179.38818000000023
"(0.7, 0.1, 5.5)",108.98080999999989,115.3956199999998,208.83609999999922,177.3455899999998
"(0.7, 0.1, 6.0)",109.59416000000002,113.96658000000004,208.4551999999992,176.16343999999927
"(0.7, 0.1, 6.5)",107.94223000000002,113.53366,208.5646099999991,174.27499999999907
"(0.7, 0.1, 7.0)",108.54080000000015,115.81196999999997,208.6804499999994,172.87703999999954
"(0.7, 0.1, 7.5)",108.32452000000002,113.57676999999995,208.3942899999993,172.13669999999954
"(0.7, 0.1, 8.0)",107.73861000000002,111.83150000000002,208.65150999999915,171.59327999999937
"(0.7, 0.1, 8.5)",107.79991999999991,113.86439000000014,208.82018999999949,170.0934199999994
"(0.7, 0.1, 9.0)",106.79128999999998,114.07599999999994,208.10745999999997,169.44519999999991
"(0.7, 0.1, 9.5)",106.3363,116.46932000000007,208.16025999999974,169.3643699999999
"(0.7, 0.1, 10.0)",105.46416000000002,116.29315,207.6792699999997,168.22501000000005
"(0.75, 0.025, 1.0)",92.25426999999982,87.21134,170.08097,181.3226000000001
"(0.75, 0.025, 1.5)",92.81953999999986,89.28674000000007,168.3264999999997,171.62224999999978
"(0.75, 0.025, 2.0)",92.79803999999992,90.13112000000007,169.02140999999983,169.98575999999994
"(0.75, 0.025, 2.5)",91.65195000000007,90.77861999999999,164.41640999999944,163.67895999999956
"(0.75, 0.025, 3.0)",92.27691000000002,90.05810000000007,163.34633000000062,160.66772000000037
"(0.75, 0.025, 3.5)",92.26770000000005,90.28807999999995,160.85552999999967,158.00458999999958
"(0.75, 0.025, 4.0)",91.51978999999993,91.03285999999999,159.8265400000006,157.36833000000053
"(0.75, 0.025, 4.5)",92.24853999999999,89.81408000000002,161.3305700000004,158.40109000000035
"(0.75, 0.025, 5.0)",93.12894999999995,92.15724,160.1182999999997,157.3816199999997
"(0.75, 0.025, 5.5)",91.03125000000011,90.57732,159.5774299999999,156.75106999999988
"(0.75, 0.025, 6.0)",90.77076999999997,90.72082999999982,159.77671999999924,157.01736999999923
"(0.75, 0.025, 6.5)",90.77706000000008,92.36052999999991,159.2887599999995,156.52706999999944
"(0.75, 0.025, 7.0)",90.01630000000003,92.46728999999999,158.67781999999957,156.15414999999965
"(0.75, 0.025, 7.5)",90.69762999999999,93.52405000000009,159.59892999999963,156.87580999999966
"(0.75, 0.025, 8.0)",91.52655000000003,93.14175000000002,159.58982999999984,156.66935999999993
"(0.75, 0.025, 8.5)",92.72316,93.66399999999999,160.10612999999984,157.15013999999988
"(0.75, 0.025, 9.0)",92.08391,94.08627999999999,159.60903000000005,156.66445999999996
"(0.75, 0.025, 9.5)",92.3390499999999,92.98981999999995,159.59600000000006,156.65251
"(0.75, 0.025, 10.0)",91.49725999999995,93.57549000000002,159.8376600000001,156.6963400000001
"(0.75, 0.05, 1.0)",119.49529000000008,96.71787000000015,198.61417999999998,196.92240999999984
"(0.75, 0.05, 1.5)",115.9568,104.90423999999994,192.26736999999977,191.51023999999964
"(0.75, 0.05, 2.0)",115.95229000000025,111.07691000000001,190.85328999999962,187.26880000000006
"(0.75, 0.05, 2.5)",118.0198899999999,114.31366999999997,186.95696999999933,181.40858999999918
"(0.75, 0.05, 3.0)",117.02828000000002,115.56141000000002,186.20338000000066,176.28763000000035
"(0.75, 0.05, 3.5)",118.81808999999996,115.97393000000007,184.65117999999916,172.9261299999991
"(0.75, 0.05, 4.0)",117.61558999999998,116.23328,184.38890000000077,168.92345000000074
"(0.75, 0.05, 4.5)",115.01634000000004,118.03834000000008,186.4974800000008,169.3135800000007
"(0.75, 0.05, 5.0)",116.56530000000001,115.94397999999997,185.31316999999922,165.7670799999992
"(0.75, 0.05, 5.5)",117.77340999999993,117.11918999999985,185.75173999999967,165.54638999999972
"(0.75, 0.05, 6.0)",115.19922999999997,116.97653000000012,186.14808999999897,164.26189999999906
"(0.75, 0.05, 6.5)",115.33261999999979,116.74464000000002,184.93449999999928,162.67311999999924
"(0.75, 0.05, 7.0)",115.26119000000003,117.35602,184.79900999999947,161.7089099999994
"(0.75, 0.05, 7.5)",113.73546000000007,116.93756999999987,184.93074999999945,160.34620999999962
"(0.75, 0.05, 8.0)",115.76275000000003,118.86288000000017,185.23362000000003,160.38059000000015
"(0.75, 0.05, 8.5)",115.89392999999994,119.74351999999998,185.1749600000004,159.9711300000002
"(0.75, 0.05, 9.0)",117.03032000000009,121.47078999999982,184.74979000000008,159.63624999999988
"(0.75, 0.05, 9.5)",116.52136999999999,121.56152000000003,185.23171,159.6723200000001
"(0.75, 0.05, 10.0)",118.45824999999991,120.16976999999994,185.26101999999997,159.26241
"(0.75, 0.1, 1.0)",113.66842999999994,83.24887999999997,204.9999600000001,174.18664000000018
"(0.75, 0.1, 1.5)",112.98322000000009,98.34050000000002,207.94692999999947,185.77890999999968
"(0.75, 0.1, 2.0)",114.66899999999995,107.43559000000002,209.75826,191.3376900000001
"(0.75, 0.1, 2.5)",110.24093999999978,110.46337999999993,210.44096999999942,193.47979999999995
"(0.75, 0.1, 3.0)",111.36205000000022,115.32697000000002,210.47527000000042,194.03693000000024
"(0.75, 0.1, 3.5)",113.07858999999999,113.08700999999999,209.81036999999975,188.77076999999966
"(0.75, 0.1, 4.0)",110.54564000000012,113.39859000000017,209.80376000000075,186.10248000000016
"(0.75, 0.1, 4.5)",108.43824000000001,111.1989400000001,211.09128000000095,183.63678000000039
"(0.75, 0.1, 5.0)",110.69386999999998,113.52141999999992,210.37515999999945,181.2760199999997
"(0.75, 0.1, 5.5)",111.01545999999999,110.85156000000006,210.77738999999926,180.76944999999975
"(0.75, 0.1, 6.0)",109.25510999999985,113.48142000000006,210.52579999999918,179.22598999999934
"(0.75, 0.1, 6.5)",108.01627000000008,112.16585000000005,210.2635499999995,177.41616999999943
"(0.75, 0.1, 7.0)",106.77307000000003,113.36167999999996,210.35860999999912,175.98048999999935
"(0.75, 0.1, 7.5)",108.94686999999992,116.31728000000001,210.1467899999993,174.8881599999994
"(0.75, 0.1, 8.0)",105.77716000000004,115.55973000000004,210.1083999999997,173.27240999999972
"(0.75, 0.1, 8.5)",105.22236999999978,113.89915999999997,209.80089999999973,173.32277999999965
"(0.75, 0.1, 9.0)",102.92366999999986,113.69323000000003,209.75537999999986,172.37093999999988
"(0.75, 0.1, 9.5)",106.13131000000018,110.93663000000012,209.69432,170.50737999999998
"(0.75, 0.1, 10.0)",106.79234999999997,110.9870000000001,209.69310000000021,170.49633000000028
"(0.8, 0.025, 1.0)",95.11552999999999,89.2953800000001,170.5692100000004,181.51681000000005
"(0.8, 0.025, 1.5)",96.45379999999993,92.45410999999997,171.13488000000032,173.41292000000024
"(0.8, 0.025, 2.0)",97.80790999999999,92.30598000000005,170.00019000000037,168.44708999999983
"(0.8, 0.025, 2.5)",95.5111199999999,90.37643000000003,164.20100000000028,162.72484999999975
"(0.8, 0.025, 3.0)",95.87642000000004,92.5277099999999,164.1517399999998,161.77956999999984
"(0.8, 0.025, 3.5)",94.16961000000002,94.27900999999999,162.57939000000053,159.1149900000004
"(0.8, 0.025, 4.0)",93.89019000000009,92.52745000000002,162.40521000000038,158.54170000000025
"(0.8, 0.025, 4.5)",93.60209999999995,93.33815000000003,162.81499999999937,158.79296999999957
"(0.8, 0.025, 5.0)",92.77690999999986,93.94070999999991,161.4619699999998,157.64505999999994
"(0.8, 0.025, 5.5)",94.13641000000001,94.05250999999978,161.11980999999892,157.35833999999906
"(0.8, 0.025, 6.0)",93.13648999999998,94.23573999999994,160.68974999999944,156.85874999999947
"(0.8, 0.025, 6.5)",94.57120999999998,95.80920999999988,159.37488999999954,155.8480599999995
"(0.8, 0.025, 7.0)",95.3159900000001,94.95496000000001,160.4771299999996,156.60562999999954
"(0.8, 0.025, 7.5)",94.14787000000011,95.16025999999997,161.34799,156.88478000000006
"(0.8, 0.025, 8.0)",93.92886999999996,94.59470000000003,161.3623399999999,157.3717199999999
"(0.8, 0.025, 8.5)",93.45003000000004,93.62206000000008,161.56174999999988,157.41973999999988
"(0.8, 0.025, 9.0)",93.23363000000003,94.07700000000001,162.14317999999992,157.63516
"(0.8, 0.025, 9.5)",93.04781000000001,95.06919,161.79369999999997,157.39748
"(0.8, 0.025, 10.0)",93.78142000000007,93.77734999999984,160.5723600000001,156.17534000000003
"(0.8, 0.05, 1.0)",120.09901000000015,99.33908000000007,201.83392000000035,198.88044000000014
"(0.8, 0.05, 1.5)",120.96672999999994,109.91267999999988,194.96541000000005,193.87764000000027
"(0.8, 0.05, 2.0)",119.78737999999986,112.64715000000015,194.69672000000082,189.6600799999995
"(0.8, 0.05, 2.5)",121.90962000000007,117.65264000000003,191.0540200000003,182.96044999999984
"(0.8, 0.05, 3.0)",119.0417400000001,117.25920000000002,189.55586999999957,176.53726999999992
"(0.8, 0.05, 3.5)",117.87523000000006,118.70808000000017,189.8591900000004,173.55478
"(0.8, 0.05, 4.0)",113.91296999999996,116.32437999999985,189.2895300000005,172.26878000000067
"(0.8, 0.05, 4.5)",118.39985000000007,117.12969000000008,189.89811999999893,170.46619999999936
"(0.8, 0.05, 5.0)",115.21205000000018,117.31642000000004,189.29051999999945,168.96622999999943
"(0.8, 0.05, 5.5)",117.32065000000011,119.63656000000009,189.7084199999993,166.78481999999917
"(0.8, 0.05, 6.0)",114.95665000000002,119.01316999999996,189.9936299999994,165.8240399999993
"(0.8, 0.05, 6.5)",116.73389000000007,116.39243000000016,190.5789499999994,164.78025999999923
"(0.8, 0.05, 7.0)",117.0777100000001,119.18904000000009,189.71424999999928,162.9852899999995
"(0.8, 0.05, 7.5)",117.79237000000003,119.38092999999994,189.47025000000022,161.77823
"(0.8, 0.05, 8.0)",117.71373000000006,118.60206999999998,190.86694000000014,161.84317000000019
"(0.8, 0.05, 8.5)",118.27922000000012,118.68060000000001,190.63205000000002,160.6769899999999
"(0.8, 0.05, 9.0)",115.98992999999994,119.60942999999996,190.3832099999999,160.40819
"(0.8, 0.05, 9.5)",116.95119000000005,119.03740999999998,190.1839200000001,159.86092000000005
"(0.8, 0.05, 10.0)",117.26050000000005,120.33857999999998,189.66837000000018,159.22402000000008
"(0.8, 0.1, 1.0)",113.01614999999991,87.55422,202.94274000000047,174.31464
"(0.8, 0.1, 1.5)",112.30411,101.92086,208.1323299999998,186.33097000000004
"(0.8, 0.1, 2.0)",111.89822999999986,108.82368000000012,208.88012000000037,191.13016000000025
"(0.8, 0.1, 2.5)",111.06252999999994,111.49266999999993,209.9418899999994,194.21246999999994
"(0.8, 0.1, 3.0)",114.77967999999984,113.31302000000002,209.32484999999954,193.98199000000005
"(0.8, 0.1, 3.5)",110.82308000000013,112.17605999999995,209.8456600000004,190.63599
"(0.8, 0.1, 4.0)",108.96579000000003,111.45431999999995,209.00462000000041,188.67179000000021
"(0.8, 0.1, 4.5)",109.86533999999993,110.28524000000003,209.11249999999941,185.59020999999981
"(0.8, 0.1, 5.0)",111.99545000000006,111.16741000000005,210.01997999999938,184.7890299999995
"(0.8, 0.1, 5.5)",110.18393,111.28156000000004,210.48370999999906,183.60412999999912
"(0.8, 0.1, 6.0)",107.66118000000002,112.04741000000007,209.94920999999914,181.82512999999912
"(0.8, 0.1, 6.5)",108.73563999999976,112.5175700000001,209.09810999999922,179.24439999999942
"(0.8, 0.1, 7.0)",108.96429000000005,112.48276000000003,209.41293999999925,179.14169999999933
"(0.8, 0.1, 7.5)",107.65407000000017,114.25007999999998,209.5437399999997,179.4882199999995
"(0.8, 0.1, 8.0)",108.456,113.41857999999998,209.71785999999977,177.81304999999966
"(0.8, 0.1, 8.5)",111.84496999999985,111.07858000000007,209.44981999999993,176.6776799999998
"(0.8, 0.1, 9.0)",111.54366000000014,111.93558000000009,208.9517400000001,175.3983999999997
"(0.8, 0.1, 9.5)",113.6282000000001,112.18780999999987,208.39342999999997,173.74554999999978
"(0.8, 0.1, 10.0)",111.13901000000008,113.01753000000006,208.26162000000005,172.78923999999992
"(0.85, 0.025, 1.0)",98.95393999999997,92.43040000000006,171.69989000000007,182.20096000000024
"(0.85, 0.025, 1.5)",97.64615000000003,94.52977999999995,171.03561000000033,175.02116999999961
"(0.85, 0.025, 2.0)",97.27990999999997,94.99763999999995,170.68537000000018,169.93554
"(0.85, 0.025, 2.5)",98.72964000000005,95.81077999999994,166.11337000000026,164.2400200000002
"(0.85, 0.025, 3.0)",99.46921,95.93882000000013,165.70771999999937,163.11377999999928
"(0.85, 0.025, 3.5)",97.89815999999998,94.88361000000002,165.3511100000007,160.6099200000009
"(0.85, 0.025, 4.0)",96.93599999999992,94.25240999999997,165.3519500000003,159.9011700000004
"(0.85, 0.025, 4.5)",97.49930000000009,96.5671599999998,165.34095999999965,159.55148999999972
"(0.85, 0.025, 5.0)",100.53524999999999,95.95039999999993,163.16145999999924,157.1674299999992
"(0.85, 0.025, 5.5)",98.79158000000008,98.10886999999997,162.762529999999,157.200519999999
"(0.85, 0.025, 6.0)",98.18600000000006,96.78954000000003,163.23889999999955,157.56444999999968
"(0.85, 0.025, 6.5)",99.12296999999991,97.63401999999994,163.19246999999945,157.86923999999942
"(0.85, 0.025, 7.0)",98.84535,98.24256999999999,162.85783999999998,156.84378999999996
"(0.85, 0.025, 7.5)",99.53543000000002,97.44267999999994,163.29562999999993,157.1285499999999
"(0.85, 0.025, 8.0)",98.17986999999994,99.13388000000012,163.19814999999977,157.1558599999998
"(0.85, 0.025, 8.5)",97.6271500000001,100.63219000000002,162.94871999999992,157.06291999999993
"(0.85, 0.025, 9.0)",96.85327,98.14110999999995,163.6242900000001,157.40095000000002
"(0.85, 0.025, 9.5)",97.01713999999994,98.28817,162.8477700000001,156.42668000000006
"(0.85, 0.025, 10.0)",96.6491599999998,99.21587,161.72970000000012,155.69687000000005
"(0.85, 0.05, 1.0)",119.92684000000007,104.63900000000022,203.01053999999993,198.9427300000001
"(0.85, 0.05, 1.5)",122.45720999999996,112.31410000000014,199.63351000000011,195.7848699999999
"(0.85, 0.05, 2.0)",116.8029,115.3226500000001,198.59962000000044,191.30041000000003
"(0.85, 0.05, 2.5)",121.96679999999996,117.65777999999992,194.86523000000028,185.72828000000072
"(0.85, 0.05, 3.0)",121.0746099999999,119.11664000000003,192.2905299999995,178.42041999999947
"(0.85, 0.05, 3.5)",115.18499000000004,118.51052999999997,192.70569000000071,176.47233000000057
"(0.85, 0.05, 4.0)",117.80424000000004,120.00477000000012,193.2424500000011,175.2433000000008
"(0.85, 0.05, 4.5)",118.94904999999991,116.84816999999998,192.25021999999925,171.5094099999992
"(0.85, 0.05, 5.0)",118.88870999999999,118.72328999999995,193.18742999999898,170.5489399999992
"(0.85, 0.05, 5.5)",120.15234999999997,118.37995999999993,192.81666999999902,168.770449999999
"(0.85, 0.05, 6.0)",118.19165999999983,121.4188299999999,194.10285999999908,167.81149999999934
"(0.85, 0.05, 6.5)",118.32870000000008,119.1037299999999,193.66588999999934,166.0850599999994
"(0.85, 0.05, 7.0)",119.14596999999985,122.31115000000003,193.4240299999999,165.58074999999997
"(0.85, 0.05, 7.5)",118.06161999999992,119.00962000000027,193.21019000000015,164.46453000000014
"(0.85, 0.05, 8.0)",119.46826999999998,119.63915000000004,193.85082000000008,163.46119000000013
"(0.85, 0.05, 8.5)",118.27412000000001,120.99177000000005,193.86562,162.83012999999988
"(0.85, 0.05, 9.0)",119.3725,121.25307000000001,193.9470500000002,162.41431000000006
"(0.85, 0.05, 9.5)",119.73634,119.65774999999995,193.17879000000028,161.56791000000018
"(0.85, 0.05, 10.0)",117.34188999999994,120.93497999999983,193.10585000000026,160.8490500000002
"(0.85, 0.1, 1.0)",108.43738999999998,89.9766700000001,201.72915000000003,174.36281
"(0.85, 0.1, 1.5)",113.28342999999994,101.65794999999991,205.94350000000009,185.60405999999986
"(0.85, 0.1, 2.0)",114.14513000000002,108.27567000000003,207.91235000000052,191.4957799999999
"(0.85, 0.1, 2.5)",110.55791,109.30000000000008,209.58475000000044,194.33673000000024
"(0.85, 0.1, 3.0)",109.00580999999993,113.08451,208.51727999999935,195.17381999999958
"(0.85, 0.1, 3.5)",110.24112000000012,111.24414999999995,208.6779900000004,192.92604000000014
"(0.85, 0.1, 4.0)",106.8958200000001,107.09188999999995,208.8236100000006,190.66290000000035
"(0.85, 0.1, 4.5)",105.72938,106.54148000000016,209.31734999999958,188.0181999999999
"(0.85, 0.1, 5.0)",105.2861399999999,109.49640000000007,209.5285999999991,186.75971999999936
"(0.85, 0.1, 5.5)",105.86383000000002,111.34061000000011,209.220419999999,184.98105999999925
"(0.85, 0.1, 6.0)",106.44389999999997,108.84099999999995,208.71562999999935,183.99598999999947
"(0.85, 0.1, 6.5)",105.89129999999999,112.1734199999999,208.13359999999935,182.70281999999966
"(0.85, 0.1, 7.0)",104.28902000000002,111.45580999999994,207.93536999999944,182.0720699999994
"(0.85, 0.1, 7.5)",102.45307000000011,110.64462000000012,207.22097,181.14442999999972
"(0.85, 0.1, 8.0)",104.62252000000004,110.28687000000004,207.91607000000002,180.14063999999976
"(0.85, 0.1, 8.5)",105.85526000000009,111.73691999999991,207.44212000000007,179.12628999999993
"(0.85, 0.1, 9.0)",101.85006999999993,109.87988000000006,207.19876000000005,178.50471999999993
"(0.85, 0.1, 9.5)",103.34098999999998,110.1165899999999,206.92844,177.28791999999967
"(0.85, 0.1, 10.0)",105.25356000000002,108.93861999999999,207.4267200000002,176.1567800000002
"(0.9, 0.025, 1.0)",102.43765999999998,96.95316999999993,173.48250000000036,183.74553999999992
"(0.9, 0.025, 1.5)",104.63332000000021,97.43224999999993,174.67546999999982,176.65061000000017
"(0.9, 0.025, 2.0)",101.17030999999992,98.97671999999997,171.2865099999997,170.59558999999982
"(0.9, 0.025, 2.5)",101.46691,99.44519000000005,168.14562000000066,165.22798000000037
"(0.9, 0.025, 3.0)",101.33455000000001,100.08091000000007,167.29194000000004,163.11288000000008
"(0.9, 0.025, 3.5)",101.8590800000001,97.95499000000008,167.70545000000055,162.4172700000003
"(0.9, 0.025, 4.0)",102.05674999999985,97.71542999999984,167.54374999999953,161.61630999999971
"(0.9, 0.025, 4.5)",100.97207000000013,98.80600000000007,166.34537999999986,158.85817
"(0.9, 0.025, 5.0)",101.92454000000005,98.77281999999987,165.93932999999916,158.32349999999906
"(0.9, 0.025, 5.5)",100.75857999999994,99.73543999999987,165.96306999999948,158.32166999999944
"(0.9, 0.025, 6.0)",99.82350999999998,100.88597999999986,166.3896999999996,158.19974999999965
"(0.9, 0.025, 6.5)",100.49267999999985,101.61187999999993,166.52237999999946,157.44845999999953
"(0.9, 0.025, 7.0)",102.16767,101.76545000000002,165.83121999999992,157.02181000000004
"(0.9, 0.025, 7.5)",101.08215999999992,102.53403000000006,165.92556999999982,156.94551999999996
"(0.9, 0.025, 8.0)",98.63893000000007,103.92267999999999,166.11614999999983,156.84311999999983
"(0.9, 0.025, 8.5)",99.46834000000003,102.81659999999972,165.79975999999994,156.93014999999994
"(0.9, 0.025, 9.0)",100.03698999999986,102.39307999999984,165.4915300000001,156.65111000000007
"(0.9, 0.025, 9.5)",100.66746999999997,102.89734000000007,165.08088000000006,156.16047000000017
"(0.9, 0.025, 10.0)",101.64131999999998,103.57665000000003,165.43108000000004,156.65549999999996
"(0.9, 0.05, 1.0)",122.29042999999989,106.42251999999993,205.88137999999992,199.67651999999967
"(0.9, 0.05, 1.5)",123.53389999999996,114.55724999999993,204.15909000000036,198.64099999999968
"(0.9, 0.05, 2.0)",123.01110999999997,115.78757000000004,202.56728999999933,193.39417000000017
"(0.9, 0.05, 2.5)",123.90194999999997,119.15446999999985,199.46208000000067,186.99937000000003
"(0.9, 0.05, 3.0)",120.50080000000008,118.95561000000005,197.74500999999987,181.6711499999996
"(0.9, 0.05, 3.5)",119.32673000000005,119.15598999999995,198.7967500000004,180.62504000000035
"(0.9, 0.05, 4.0)",120.43569000000012,120.66438999999997,198.11711999999937,177.58889999999968
"(0.9, 0.05, 4.5)",118.13509000000008,118.13888000000001,197.45185999999953,175.5065999999994
"(0.9, 0.05, 5.0)",117.80211000000018,118.35400000000004,197.56320999999912,171.84502999999907
"(0.9, 0.05, 5.5)",116.94474000000011,118.43783000000016,198.2456399999996,171.1881199999993
"(0.9, 0.05, 6.0)",116.51782000000001,121.49665999999986,198.90902999999926,171.4015699999992
"(0.9, 0.05, 6.5)",120.22726000000004,123.38573999999988,198.01327999999938,169.11777999999936
"(0.9, 0.05, 7.0)",120.26364999999997,123.9439800000002,197.26192000000017,167.26162000000014
"(0.9, 0.05, 7.5)",119.27176999999999,124.86773999999997,197.59033000000008,166.27271000000005
"(0.9, 0.05, 8.0)",118.18037000000007,121.97938000000006,197.35058999999987,165.25005000000004
"(0.9, 0.05, 8.5)",117.7637499999999,123.74549999999996,198.29002999999994,166.11714000000012
"(0.9, 0.05, 9.0)",118.26991000000008,121.52555000000002,197.55326000000022,164.00363000000016
"(0.9, 0.05, 9.5)",119.76348000000007,123.02935000000004,197.6305400000004,163.62445000000025
"(0.9, 0.05, 10.0)",119.4429399999999,123.00666,197.3735500000002,163.09374000000017
"(0.9, 0.1, 1.0)",109.91102000000002,91.38077999999999,198.9526099999998,173.02559999999986
"(0.9, 0.1, 1.5)",107.68367000000002,102.76904999999998,202.98365000000007,185.08072000000007
"(0.9, 0.1, 2.0)",108.03954000000006,106.03402,205.96192999999985,190.8814700000001
"(0.9, 0.1, 2.5)",107.32116999999995,108.26055000000002,208.51624000000044,194.93888999999993
"(0.9, 0.1, 3.0)",109.20381,112.30912999999994,208.89191999999983,195.49403999999998
"(0.9, 0.1, 3.5)",104.65813999999995,108.8093800000001,207.71091000000035,194.00953000000013
"(0.9, 0.1, 4.0)",105.12541000000006,108.87016999999993,207.22007999999948,192.64126999999974
"(0.9, 0.1, 4.5)",104.36036000000006,108.01944999999999,207.89780999999925,189.93564999999998
"(0.9, 0.1, 5.0)",104.1209200000001,108.96264000000002,208.12212999999946,188.08442999999912
"(0.9, 0.1, 5.5)",101.41709,111.31908999999997,207.77363999999946,188.24244999999928
"(0.9, 0.1, 6.0)",105.58099000000004,110.24151,206.55890999999937,185.27681999999936
"(0.9, 0.1, 6.5)",103.48464000000008,111.92279999999985,206.4798599999994,183.4070499999994
"(0.9, 0.1, 7.0)",103.43562000000017,107.54823999999995,205.66162999999983,183.43485999999962
"(0.9, 0.1, 7.5)",104.93403999999992,108.70660999999997,205.88648999999992,182.56121999999974
"(0.9, 0.1, 8.0)",102.33865999999996,109.43312999999993,205.71321999999978,182.35822999999988
"(0.9, 0.1, 8.5)",103.21404999999996,110.05677000000016,205.91686000000007,182.02550999999985
"(0.9, 0.1, 9.0)",103.69503999999995,109.29750000000001,205.67148000000034,180.62289000000004
"(0.9, 0.1, 9.5)",105.38422999999986,110.15515000000005,205.77621000000016,178.16984000000045
"(0.9, 0.1, 10.0)",106.72375000000004,107.04618999999991,205.7477400000002,178.42646000000025
"(0.95, 0.025, 1.0)",103.90829999999994,98.33933999999992,177.32344999999975,185.24209999999968
"(0.95, 0.025, 1.5)",103.94467999999992,100.93781999999995,176.9661099999997,177.12563000000029
"(0.95, 0.025, 2.0)",101.56437999999982,102.48984999999996,173.69584999999952,172.7764299999994
"(0.95, 0.025, 2.5)",103.53191000000011,101.761,168.95635000000001,165.8756599999999
"(0.95, 0.025, 3.0)",103.59010000000023,102.25871000000005,168.9315100000003,164.14105000000046
"(0.95, 0.025, 3.5)",102.91352999999984,103.90932000000002,169.7992200000004,163.62073000000038
"(0.95, 0.025, 4.0)",104.63137,103.92166999999992,170.15468999999962,162.45960999999977
"(0.95, 0.025, 4.5)",101.30158999999998,102.27247999999982,168.52664999999925,159.91430999999932
"(0.95, 0.025, 5.0)",100.84973999999995,102.80247000000008,168.01959999999931,159.49997999999937
"(0.95, 0.025, 5.5)",102.55149000000004,105.27987000000002,166.50846999999956,157.64275999999956
"(0.95, 0.025, 6.0)",101.14529000000007,105.01030999999992,167.01126999999943,157.30424999999943
"(0.95, 0.025, 6.5)",100.98597000000015,106.10720999999995,167.49977999999996,158.12407000000005
"(0.95, 0.025, 7.0)",101.64185999999995,105.72444999999992,167.4870499999999,157.41789
"(0.95, 0.025, 7.5)",101.21143000000008,104.64561999999997,166.57672,156.89017999999993
"(0.95, 0.025, 8.0)",102.89204000000014,103.76373,167.37496999999985,157.10788999999988
"(0.95, 0.025, 8.5)",102.0661599999999,104.22098,167.07565000000005,156.63698999999997
"(0.95, 0.025, 9.0)",103.0058200000001,102.2958600000001,167.28194000000008,156.82804000000007
"(0.95, 0.025, 9.5)",104.54843,103.91484000000005,167.5051900000001,157.12980000000005
"(0.95, 0.025, 10.0)",103.11729000000001,105.57387000000004,167.05784000000008,156.88567000000006
"(0.95, 0.05, 1.0)",120.63695999999997,107.39431999999995,207.70205999999973,200.77945999999955
"(0.95, 0.05, 1.5)",119.8050299999999,113.80686999999996,208.0838899999996,200.24523000000053
"(0.95, 0.05, 2.0)",118.18023000000001,117.05360000000002,204.76370999999978,194.97801999999933
"(0.95, 0.05, 2.5)",119.83223000000002,119.07865999999999,201.26228999999927,190.1368999999997
"(0.95, 0.05, 3.0)",116.97271000000003,120.38138999999984,200.8373300000002,184.41715000000033
"(0.95, 0.05, 3.5)",118.79776000000001,121.31357000000004,201.72081000000114,182.5771000000006
"(0.95, 0.05, 4.0)",120.79747000000017,118.22348000000007,201.35025999999922,179.63811999999956
"(0.95, 0.05, 4.5)",121.79234999999991,120.72489000000006,201.98218999999872,176.65173999999908
"(0.95, 0.05, 5.0)",121.52408000000003,119.6187799999999,202.5747399999993,176.04567999999915
"(0.95, 0.05, 5.5)",120.40835000000001,119.28696999999998,203.22208999999955,175.2837199999995
"(0.95, 0.05, 6.0)",118.28523000000006,123.60049000000005,202.3322499999994,173.88481999999922
"(0.95, 0.05, 6.5)",121.50344999999986,120.95844000000002,202.3153299999998,171.63945999999999
"(0.95, 0.05, 7.0)",120.3022299999998,121.89759999999998,202.01555999999985,169.67003999999997
"(0.95, 0.05, 7.5)",122.7431700000001,123.29400000000005,201.57648000000015,168.70287000000002
"(0.95, 0.05, 8.0)",120.31648999999997,124.22560000000006,201.59493000000003,167.72645
"(0.95, 0.05, 8.5)",119.48908,123.40185999999997,202.4266200000002,166.96136000000013
"(0.95, 0.05, 9.0)",119.65631000000006,123.48845999999982,202.2641600000004,165.8342100000002
"(0.95, 0.05, 9.5)",120.07844999999983,122.94921999999995,202.1051300000002,165.32801000000026
"(0.95, 0.05, 10.0)",122.06982999999997,120.28617000000008,202.08798999999996,165.37811000000005
"(0.95, 0.1, 1.0)",107.93593999999993,93.19336999999986,196.8039799999998,172.2832899999997
"(0.95, 0.1, 1.5)",108.89952000000011,102.08439000000007,200.4031,183.83417999999972
"(0.95, 0.1, 2.0)",109.70432000000007,106.81417999999998,204.02250999999976,190.10302999999988
"(0.95, 0.1, 2.5)",107.09552000000001,107.05011000000002,203.94662999999989,193.1407599999999
"(0.95, 0.1, 3.0)",106.77871000000002,109.48965000000005,205.26971000000012,194.62948000000017
"(0.95, 0.1, 3.5)",103.14402999999989,105.39387999999998,204.71642000000068,194.73203999999993
"(0.95, 0.1, 4.0)",102.83916000000004,107.35578000000007,204.37696999999977,193.8453499999999
"(0.95, 0.1, 4.5)",106.30016999999998,107.45764000000007,204.42168999999927,192.64000999999942
"(0.95, 0.1, 5.0)",104.16426000000001,109.20515000000009,204.60456999999923,188.7871899999995
"(0.95, 0.1, 5.5)",105.6063999999999,109.0921099999999,204.79765999999955,187.45079999999948
"(0.95, 0.1, 6.0)",103.96603000000022,109.03688999999996,204.32906999999952,186.6412899999995
"(0.95, 0.1, 6.5)",105.67436999999993,110.85227,203.6198099999999,184.75904999999995
"(0.95, 0.1, 7.0)",108.38068000000003,111.20437999999997,203.79492999999968,185.32646999999972
"(0.95, 0.1, 7.5)",106.94645000000003,108.73308999999998,204.06199999999993,184.69391999999982
"(0.95, 0.1, 8.0)",106.68363999999995,108.92689000000013,203.39571000000007,184.65370000000004
"(0.95, 0.1, 8.5)",105.54189999999994,106.21446999999999,203.7017199999999,183.5200699999998
"(0.95, 0.1, 9.0)",103.8666699999998,105.14999999999989,204.0931000000002,182.65686000000025
"(0.95, 0.1, 9.5)",105.30077000000016,106.46075999999991,204.02430000000024,182.38635000000036
"(0.95, 0.1, 10.0)",105.66295000000007,105.4756100000001,204.11080999999984,182.39895999999976
"(1.0, 0.025, 1.0)",108.46213999999989,100.62418999999996,179.53493000000023,186.08034000000018
"(1.0, 0.025, 1.5)",106.05973999999992,104.63162999999989,177.53898999999998,179.85676999999976
"(1.0, 0.025, 2.0)",105.00534999999998,103.77314000000001,175.8745100000001,173.27531999999965
"(1.0, 0.025, 2.5)",104.86248999999997,106.61133000000004,171.58644999999927,167.39312999999927
"(1.0, 0.025, 3.0)",106.51121999999992,104.53821000000005,171.51317000000054,165.8317300000007
"(1.0, 0.025, 3.5)",103.99488999999997,105.8792999999999,170.7103899999995,164.34213999999972
"(1.0, 0.025, 4.0)",104.05597000000012,105.06982000000013,170.81487999999968,163.8475499999998
"(1.0, 0.025, 4.5)",103.48841999999999,106.54536999999993,170.92391999999919,162.92780999999917
"(1.0, 0.025, 5.0)",102.18824999999994,105.68269999999981,169.32267999999934,162.01878999999937
"(1.0, 0.025, 5.5)",103.26453999999997,108.66201999999987,170.0345399999995,160.67113999999938
"(1.0, 0.025, 6.0)",104.26425999999988,109.42460000000005,169.21734999999993,158.8336400000001
"(1.0, 0.025, 6.5)",104.38942000000004,109.12178000000002,170.1507500000001,159.1686499999999
"(1.0, 0.025, 7.0)",104.78674000000007,108.53295999999996,170.5448599999998,158.5446099999999
"(1.0, 0.025, 7.5)",105.17639999999996,107.58446000000004,170.34635999999998,157.95727999999994
"(1.0, 0.025, 8.0)",103.87114999999994,105.53401999999994,170.16050000000004,157.74009000000004
"(1.0, 0.025, 8.5)",104.42577999999997,106.87713000000015,170.36145000000005,157.71981000000002
"(1.0, 0.025, 9.0)",104.57621000000013,109.07219,170.48266000000015,157.7872300000001
"(1.0, 0.025, 9.5)",105.53883999999995,109.63731000000013,170.47467000000012,157.59918000000013
"(1.0, 0.025, 10.0)",106.4374899999999,109.29814000000016,170.03275000000002,156.97058000000013
"(1.0, 0.05, 1.0)",121.06636999999978,109.80736999999998,207.76689000000002,200.52714999999992
"(1.0, 0.05, 1.5)",123.52589,115.5441,208.73897999999966,201.94506999999987
"(1.0, 0.05, 2.0)",123.18146999999999,119.46795999999996,205.61247000000014,196.59467999999987
"(1.0, 0.05, 2.5)",123.27187000000015,120.41385,204.96264999999943,191.25327999999945
"(1.0, 0.05, 3.0)",120.43490000000003,120.77920000000002,204.8537000000009,188.93297000000075
"(1.0, 0.05, 3.5)",121.86714000000003,122.37605000000005,204.63697999999908,185.95387999999966
"(1.0, 0.05, 4.0)",121.49955000000007,120.74495999999996,203.92527999999913,182.04852999999946
"(1.0, 0.05, 4.5)",122.25736999999992,121.14592999999991,203.9341799999989,179.211309999999
"(1.0, 0.05, 5.0)",118.39042000000006,121.61305999999992,205.12812999999946,178.27814999999947
"(1.0, 0.05, 5.5)",120.28303000000005,121.75504,205.05824999999916,177.60477999999918
"(1.0, 0.05, 6.0)",119.92621999999999,123.38073000000001,204.82894000000002,175.14063
"(1.0, 0.05, 6.5)",119.13667000000021,122.10296000000004,205.07543000000007,174.16679999999988
"(1.0, 0.05, 7.0)",121.29376000000008,122.79473000000004,204.67086000000018,173.03744000000012
"(1.0, 0.05, 7.5)",121.2724499999999,123.46537000000006,204.4914500000001,172.28907000000012
"(1.0, 0.05, 8.0)",123.00268999999992,124.68565000000014,204.49705000000026,169.36265000000014
"(1.0, 0.05, 8.5)",122.65231999999989,123.10901000000013,204.79565000000025,169.22691000000015
"(1.0, 0.05, 9.0)",122.10761999999994,121.93114999999999,205.2589200000005,169.48475000000025
"(1.0, 0.05, 9.5)",121.84069000000014,124.32107999999984,205.3926200000002,169.18302000000003
"(1.0, 0.05, 10.0)",121.30378999999999,125.58946000000006,205.16116000000005,168.57397999999984
"(1.0, 0.1, 1.0)",105.95749000000005,93.67486000000001,192.75108999999986,170.44468
"(1.0, 0.1, 1.5)",108.01871999999982,101.40689999999996,197.79072999999948,181.6733800000001
"(1.0, 0.1, 2.0)",105.64147000000003,107.11409999999977,200.81799999999993,188.85011000000003
"(1.0, 0.1, 2.5)",107.87932000000002,105.70940999999999,200.44881999999947,192.64979999999974
"(1.0, 0.1, 3.0)",104.64233000000006,104.99639000000016,200.71779000000018,194.55721999999994
"(1.0, 0.1, 3.5)",104.17859,103.71277999999997,199.52317999999983,193.85287
"(1.0, 0.1, 4.0)",104.89877999999993,104.2112800000001,200.63156999999978,193.0161099999998
"(1.0, 0.1, 4.5)",102.10561999999999,102.68124999999993,201.8058999999995,190.97423999999964
"(1.0, 0.1, 5.0)",102.03964000000005,107.32299000000012,201.37815999999958,188.9280199999995
"(1.0, 0.1, 5.5)",104.62778000000007,109.31508999999991,201.2332699999994,188.00949999999972
"(1.0, 0.1, 6.0)",102.43485999999997,110.47070000000008,202.46587999999988,186.05116999999967
"(1.0, 0.1, 6.5)",106.22712000000017,111.87951000000002,201.38159999999976,185.37862999999982
"(1.0, 0.1, 7.0)",103.02737000000006,107.73432000000003,201.85117999999983,184.95736000000002
"(1.0, 0.1, 7.5)",102.84973000000006,108.81113000000002,201.65137000000018,184.48517999999976
"(1.0, 0.1, 8.0)",104.8314400000001,108.57803999999999,202.09912999999997,183.3637699999998
"(1.0, 0.1, 8.5)",103.65044999999995,105.24166999999993,202.46335000000022,184.54023000000004
"(1.0, 0.1, 9.0)",102.81183999999999,105.18471000000002,202.2616500000002,185.27390000000028
"(1.0, 0.1, 9.5)",101.83319,107.14030000000004,202.62401,184.15348999999995
"(1.0, 0.1, 10.0)",101.88422999999992,107.84215999999991,202.38356999999962,183.5373699999997
